"Date","Dernier","Ouv."," Plus Haut","Plus Bas","Variation"
"01/12/2025","2,7505","2,7036","2,7554","2,6987","2,20%"
"28/11/2025","2,6913","2,6810","2,6970","2,6710","0,52%"
"27/11/2025","2,6775","2,6680","2,6900","2,6660","0,13%"
"26/11/2025","2,6741","2,6730","2,6890","2,6610","0,05%"
"25/11/2025","2,6728","2,6940","2,7040","2,6660","-0,90%"
"24/11/2025","2,6970","2,7030","2,7080","2,6810","-0,04%"
"21/11/2025","2,6980","2,7200","2,7200","2,6720","-0,79%"
"20/11/2025","2,7194","2,7280","2,7410","2,7140","0,34%"
"19/11/2025","2,7103","2,7070","2,7140","2,6830","0,03%"
"18/11/2025","2,7095","2,7020","2,7100","2,6840","-0,13%"
"17/11/2025","2,7130","2,7160","2,7180","2,7000","-0,13%"
"14/11/2025","2,7166","2,7010","2,7180","2,6820","1,09%"
"13/11/2025","2,6874","2,6490","2,6900","2,6390","1,55%"
"12/11/2025","2,6465","2,6600","2,6800","2,6450","-0,41%"
"11/11/2025","2,6574","2,6780","2,6810","2,6520","-0,32%"
"10/11/2025","2,6658","2,6970","2,6990","2,6590","-0,07%"
"07/11/2025","2,6676","2,6520","2,6810","2,6490","0,38%"
"06/11/2025","2,6576","2,6750","2,6760","2,6520","-0,55%"
"05/11/2025","2,6723","2,6520","2,6740","2,6380","0,77%"
"04/11/2025","2,6518","2,6570","2,6600","2,6400","-0,40%"
"03/11/2025","2,6625","2,6370","2,6660","2,6350","0,97%"
"31/10/2025","2,6369","2,6440","2,6580","2,6320","-0,02%"
"30/10/2025","2,6375","2,6210","2,6610","2,6210","0,72%"
"29/10/2025","2,6186","2,6260","2,6290","2,6150","-0,10%"
"28/10/2025","2,6212","2,6140","2,6210","2,6030","0,17%"
"27/10/2025","2,6167","2,6320","2,6450","2,6160","-0,29%"
"24/10/2025","2,6242","2,5850","2,6320","2,5720","1,80%"
"23/10/2025","2,5779","2,5660","2,5820","2,5650","0,73%"
"22/10/2025","2,5592","2,5580","2,5690","2,5400","0,33%"
"21/10/2025","2,5508","2,5770","2,5820","2,5490","-1,28%"
"20/10/2025","2,5839","2,5920","2,5990","2,5750","0,21%"
"17/10/2025","2,5784","2,5760","2,5870","2,5230","0,35%"
"16/10/2025","2,5694","2,5780","2,5860","2,5630","0,45%"
"15/10/2025","2,5580","2,6040","2,6040","2,5570","-1,88%"
"14/10/2025","2,6071","2,6370","2,6370","2,5870","-0,87%"
"13/10/2025","2,6301","2,6530","2,6560","2,6220","-0,15%"
"10/10/2025","2,6340","2,6980","2,6980","2,6320","-2,59%"
"09/10/2025","2,7040","2,6830","2,7060","2,6770","1,01%"
"08/10/2025","2,6769","2,7140","2,7150","2,6660","-1,25%"
"07/10/2025","2,7107","2,7190","2,7430","2,7110","-0,25%"
"06/10/2025","2,7174","2,7050","2,7340","2,6940","0,64%"
"03/10/2025","2,7000","2,7030","2,7070","2,6900","0,08%"
"02/10/2025","2,6978","2,7170","2,7280","2,6960","-0,57%"
"01/10/2025","2,7134","2,7160","2,7430","2,6930","0,05%"
"30/09/2025","2,7120","2,7080","2,7240","2,6930","0,21%"
"29/09/2025","2,7062","2,7410","2,7440","2,7060","-1,42%"
"26/09/2025","2,7451","2,7740","2,7790","2,7280","-0,97%"
"25/09/2025","2,7721","2,7480","2,7780","2,7320","0,90%"
"24/09/2025","2,7474","2,7400","2,7540","2,7300","-0,17%"
"23/09/2025","2,7520","2,7530","2,7530","2,7300","0,14%"
"22/09/2025","2,7481","2,7620","2,7620","2,7290","-0,01%"
"19/09/2025","2,7485","2,7300","2,7510","2,7260","1,20%"
"18/09/2025","2,7160","2,6840","2,7240","2,6660","1,48%"
"17/09/2025","2,6763","2,6920","2,6940","2,6640","-0,68%"
"16/09/2025","2,6945","2,6970","2,7160","2,6800","-0,05%"
"15/09/2025","2,6959","2,7050","2,7090","2,6870","-0,64%"
"12/09/2025","2,7133","2,6600","2,7150","2,6603","2,37%"
"11/09/2025","2,6505","2,6500","2,6840","2,6360","-0,13%"
"10/09/2025","2,6539","2,6530","2,6710","2,6360","-0,39%"
"09/09/2025","2,6644","2,6550","2,6730","2,6500","0,97%"
"08/09/2025","2,6387","2,6650","2,6770","2,6380","-0,73%"
"05/09/2025","2,6582","2,7160","2,7170","2,6530","-2,38%"
"04/09/2025","2,7229","2,7410","2,7410","2,7010","-0,65%"
"03/09/2025","2,7406","2,7930","2,8000","2,7400","-1,77%"
"02/09/2025","2,7899","2,7520","2,8000","2,7520","1,49%"
"01/09/2025","2,7490","2,7330","2,7580","2,7280","0,98%"
"29/08/2025","2,7222","2,7010","2,7240","2,6930","0,91%"
"28/08/2025","2,6977","2,6990","2,7160","2,6790","0,14%"
"27/08/2025","2,6940","2,7240","2,7320","2,6850","-1,03%"
"26/08/2025","2,7219","2,7510","2,7510","2,7160","-1,31%"
"25/08/2025","2,7581","2,7490","2,7780","2,7400","1,43%"
"22/08/2025","2,7191","2,7500","2,7620","2,7181","-1,26%"
"21/08/2025","2,7537","2,7300","2,7610","2,7070","1,37%"
"20/08/2025","2,7164","2,7580","2,7700","2,7120","-1,38%"
"19/08/2025","2,7543","2,7690","2,7840","2,7480","-0,78%"
"18/08/2025","2,7759","2,7870","2,7870","2,7410","-0,10%"
"15/08/2025","2,7787","2,7070","2,7800","2,7000","2,68%"
"14/08/2025","2,7062","2,6840","2,7070","2,6550","0,97%"
"13/08/2025","2,6801","2,7410","2,7410","2,6750","-2,30%"
"12/08/2025","2,7431","2,6940","2,7560","2,6900","1,72%"
"11/08/2025","2,6966","2,6910","2,6980","2,6600","0,34%"
"08/08/2025","2,6874","2,6380","2,6940","2,6370","1,92%"
"07/08/2025","2,6369","2,6530","2,6650","2,6230","-0,24%"
"06/08/2025","2,6432","2,6240","2,6500","2,6230","0,80%"
"05/08/2025","2,6221","2,6170","2,6470","2,6010","-0,23%"
"04/08/2025","2,6282","2,6810","2,7010","2,6260","-1,82%"
"01/08/2025","2,6770","2,7010","2,7370","2,6390","-0,59%"
"31/07/2025","2,6930","2,7010","2,7070","2,6740","-0,44%"
"30/07/2025","2,7050","2,6910","2,7140","2,6740","0,56%"
"29/07/2025","2,6900","2,6900","2,7120","2,6830","0,07%"
"28/07/2025","2,6880","2,7290","2,7300","2,6790","-1,03%"
"25/07/2025","2,7160","2,7100","2,7680","2,7080","0,82%"
"24/07/2025","2,6940","2,6790","2,7100","2,6590","3,62%"
"23/07/2025","2,6000","2,5890","2,6250","2,5890","0,46%"
"22/07/2025","2,5880","2,6160","2,6320","2,5840","-1,15%"
"21/07/2025","2,6180","2,6900","2,6900","2,6100","-2,71%"
"18/07/2025","2,6910","2,6810","2,7020","2,6780","0,60%"
"17/07/2025","2,6750","2,6970","2,7120","2,6640","-0,63%"
"16/07/2025","2,6920","2,6960","2,7270","2,6790","-0,85%"
"15/07/2025","2,7150","2,7260","2,7280","2,6700","-0,62%"
"14/07/2025","2,7320","2,7260","2,7370","2,7070","1,71%"
"11/07/2025","2,6860","2,6550","2,6950","2,6430","0,90%"
"10/07/2025","2,6620","2,6280","2,6670","2,6150","1,14%"
"09/07/2025","2,6320","2,6480","2,6530","2,6220","-0,42%"
"08/07/2025","2,6430","2,6110","2,6680","2,6110","1,38%"
"07/07/2025","2,6070","2,5620","2,6080","2,5520","1,60%"
"04/07/2025","2,5660","2,5630","2,5670","2,5380","-0,52%"
"03/07/2025","2,5795","2,6210","2,6240","2,5710","-1,47%"
"02/07/2025","2,6180","2,5710","2,6320","2,5710","1,99%"
"01/07/2025","2,5670","2,5930","2,5930","2,5430","-1,12%"
"30/06/2025","2,5960","2,5860","2,6030","2,5630","-0,04%"
"27/06/2025","2,5970","2,5590","2,6050","2,5480","1,29%"
"26/06/2025","2,5640","2,5500","2,5730","2,5330","0,10%"
"25/06/2025","2,5615","2,5440","2,5770","2,5030","1,13%"
"24/06/2025","2,5330","2,5180","2,5720","2,4970","1,12%"
"23/06/2025","2,5050","2,5300","2,5580","2,4940","-0,32%"
"20/06/2025","2,5130","2,5190","2,5390","2,4870","-0,22%"
"19/06/2025","2,5185","2,5110","2,5380","2,5010","0,80%"
"18/06/2025","2,4985","2,5370","2,5480","2,4970","-1,42%"
"17/06/2025","2,5345","2,5410","2,5580","2,5050","0,24%"
"16/06/2025","2,5285","2,5390","2,5880","2,5160","-0,30%"
"13/06/2025","2,5360","2,4770","2,5370","2,4220","2,34%"
"12/06/2025","2,4780","2,5310","2,5360","2,4690","-2,38%"
"11/06/2025","2,5385","2,5280","2,5550","2,5150","0,30%"
"10/06/2025","2,5310","2,5600","2,5680","2,5170","-1,50%"
"09/06/2025","2,5695","2,5690","2,5930","2,5140","0,29%"
"06/06/2025","2,5620","2,5780","2,5810","2,5340","-0,95%"
"05/06/2025","2,5865","2,5200","2,5910","2,4760","2,60%"
"04/06/2025","2,5210","2,5200","2,5400","2,5040","0,68%"
"03/06/2025","2,5040","2,5020","2,5150","2,4850","-0,73%"
"02/06/2025","2,5225","2,5080","2,5600","2,5060","0,58%"
"30/05/2025","2,5080","2,5090","2,5390","2,4970","-0,16%"
"29/05/2025","2,5120","2,5830","2,5940","2,5120","-1,37%"
"28/05/2025","2,5470","2,5450","2,5620","2,5350","0,55%"
"27/05/2025","2,5330","2,5360","2,5520","2,5130","-1,04%"
"26/05/2025","2,5595","2,5850","2,6090","2,5580","-0,56%"
"23/05/2025","2,5740","2,6400","2,6440","2,5390","-2,41%"
"22/05/2025","2,6375","2,6600","2,6650","2,6360","-0,17%"
"21/05/2025","2,6420","2,6130","2,6700","2,6130","1,65%"
"20/05/2025","2,5990","2,5790","2,6240","2,5550","0,89%"
"19/05/2025","2,5760","2,5940","2,6530","2,5720","-0,39%"
"16/05/2025","2,5860","2,6140","2,6140","2,5630","-1,49%"
"15/05/2025","2,6250","2,6960","2,7000","2,6230","-2,49%"
"14/05/2025","2,6920","2,6830","2,6940","2,6560","0,64%"
"13/05/2025","2,6750","2,6630","2,6800","2,6530","1,25%"
"12/05/2025","2,6420","2,5630","2,6500","2,5620","3,57%"
"09/05/2025","2,5510","2,5410","2,5880","2,5410","1,33%"
"08/05/2025","2,5175","2,4810","2,5200","2,4750","1,76%"
"07/05/2025","2,4740","2,5440","2,5470","2,4750","-2,27%"
"06/05/2025","2,5315","2,5310","2,5570","2,5190","0,54%"
"05/05/2025","2,5180","2,5430","2,5430","2,5030","-0,08%"
"02/05/2025","2,5200","2,4600","2,5220","2,4580","3,28%"
"30/04/2025","2,4400","2,4910","2,4980","2,4390","-2,09%"
"29/04/2025","2,4920","2,5000","2,5100","2,4860","-0,58%"
"28/04/2025","2,5065","2,4730","2,5240","2,4710","1,35%"
"25/04/2025","2,4730","2,4550","2,4800","2,4550","1,27%"
"24/04/2025","2,4420","2,4950","2,5000","2,4420","-2,07%"
"23/04/2025","2,4935","2,4570","2,5180","2,4540","2,23%"
"22/04/2025","2,4390","2,4730","2,4780","2,4400","-1,03%"
"17/04/2025","2,4645","2,5110","2,5380","2,4530","-1,50%"
"16/04/2025","2,5020","2,5360","2,5360","2,4790","-1,65%"
"15/04/2025","2,5440","2,5040","2,5510","2,4930","0,91%"
"14/04/2025","2,5210","2,5710","2,5800","2,5090","-0,24%"
"11/04/2025","2,5270","2,6120","2,6320","2,4900","-2,11%"
"10/04/2025","2,5815","2,7070","2,7150","2,5680","0,08%"
"09/04/2025","2,5795","2,6260","2,6750","2,5570","-1,71%"
"08/04/2025","2,6245","2,6490","2,6800","2,5740","1,02%"
"07/04/2025","2,5980","2,5770","2,6680","2,4310","1,11%"
"04/04/2025","2,5695","2,6230","2,6300","2,4870","-2,69%"
"03/04/2025","2,6405","2,6540","2,6720","2,6250","-3,07%"
"02/04/2025","2,7240","2,6850","2,7260","2,6550","1,60%"
"01/04/2025","2,6810","2,7320","2,7330","2,6550","-1,69%"
"31/03/2025","2,7270","2,7280","2,7340","2,6590","-0,18%"
"28/03/2025","2,7320","2,7750","2,7750","2,7080","-1,50%"
"27/03/2025","2,7735","2,7720","2,7920","2,7460","-0,57%"
"26/03/2025","2,7895","2,8020","2,8100","2,7740","-0,13%"
"25/03/2025","2,7930","2,7760","2,8310","2,7730","0,83%"
"24/03/2025","2,7700","2,7900","2,8000","2,7630","0,18%"
"21/03/2025","2,7650","2,7840","2,7860","2,7460","-0,45%"
"20/03/2025","2,7775","2,7660","2,7910","2,7480","-0,73%"
"19/03/2025","2,7980","2,8060","2,8150","2,7480","-0,60%"
"18/03/2025","2,8150","2,8260","2,8550","2,8080","0,46%"
"17/03/2025","2,8020","2,8690","2,8780","2,8000","-2,47%"
"14/03/2025","2,8730","2,8660","2,9360","2,8460","0,68%"
"13/03/2025","2,8535","2,8690","2,9090","2,8450","-1,14%"
"12/03/2025","2,8865","2,9030","2,9380","2,8750","0,50%"
"11/03/2025","2,8720","2,8310","2,8770","2,8200","1,66%"
"10/03/2025","2,8250","2,8790","2,8790","2,7730","-0,35%"
"07/03/2025","2,8350","2,8000","2,8430","2,7710","-1,72%"
"06/03/2025","2,8845","2,7950","2,9290","2,7950","3,65%"
"05/03/2025","2,7830","2,6670","2,7960","2,6550","12,24%"
"04/03/2025","2,4795","2,4630","2,5040","2,4230","-0,46%"
"03/03/2025","2,4910","2,4420","2,5190","2,4120","4,38%"
"28/02/2025","2,3865","2,4150","2,4150","2,3740","-1,12%"
"27/02/2025","2,4135","2,4330","2,4520","2,4120","-1,00%"
"26/02/2025","2,4380","2,4570","2,4740","2,4210","-0,53%"
"25/02/2025","2,4510","2,4990","2,4990","2,4460","-0,75%"
"24/02/2025","2,4695","2,4800","2,4990","2,4530","0,28%"
"21/02/2025","2,4625","2,5300","2,5320","2,4610","-2,80%"
"20/02/2025","2,5335","2,5450","2,5630","2,5310","-0,61%"
"19/02/2025","2,5490","2,5020","2,5550","2,4940","2,35%"
"18/02/2025","2,4905","2,4890","2,5170","2,4890","0,30%"
"17/02/2025","2,4830","2,4310","2,5000","2,4310","2,48%"
"14/02/2025","2,4230","2,4240","2,4440","2,4130","0,17%"
"13/02/2025","2,4190","2,4720","2,4790","2,4130","-2,38%"
"12/02/2025","2,4780","2,4400","2,4880","2,4310","2,10%"
"11/02/2025","2,4270","2,3790","2,4370","2,3770","2,84%"
"10/02/2025","2,3600","2,3740","2,3850","2,3500","-0,72%"
"07/02/2025","2,3770","2,3780","2,4080","2,3580","0,19%"
"06/02/2025","2,3725","2,3730","2,3930","2,3550","0,57%"
"05/02/2025","2,3590","2,3980","2,3980","2,3450","-1,40%"
"04/02/2025","2,3925","2,4190","2,4330","2,3900","0,23%"
"03/02/2025","2,3870","2,4600","2,4610","2,3590","-2,93%"
"31/01/2025","2,4590","2,5190","2,5390","2,4530","-2,30%"
"30/01/2025","2,5170","2,5620","2,5730","2,4960","-2,10%"
"29/01/2025","2,5710","2,5560","2,5730","2,5250","0,41%"
"28/01/2025","2,5605","2,5310","2,5650","2,5310","2,30%"
"27/01/2025","2,5030","2,4960","2,5240","2,4660","-1,63%"
"24/01/2025","2,5445","2,5090","2,5690","2,5010","1,25%"
"23/01/2025","2,5130","2,4980","2,5370","2,4860","0,58%"
"22/01/2025","2,4985","2,4850","2,5020","2,4580","0,87%"
"21/01/2025","2,4770","2,4830","2,5100","2,4700","-0,62%"
"20/01/2025","2,4925","2,5110","2,5240","2,4880","-0,42%"
"17/01/2025","2,5030","2,5200","2,5220","2,4810","-0,69%"
"16/01/2025","2,5205","2,5260","2,5700","2,5190","-0,28%"
"15/01/2025","2,5275","2,6220","2,6300","2,5130","-3,62%"
"14/01/2025","2,6225","2,5850","2,6250","2,5640","1,24%"
"13/01/2025","2,5905","2,5690","2,6120","2,5690","0,90%"
"10/01/2025","2,5675","2,5400","2,5970","2,5400","1,44%"
"09/01/2025","2,5310","2,5180","2,5430","2,5090","0,28%"
"08/01/2025","2,5240","2,4800","2,5300","2,4690","1,55%"
"07/01/2025","2,4855","2,4470","2,4900","2,4400","1,55%"
"06/01/2025","2,4475","2,4460","2,4690","2,4290","0,95%"
"03/01/2025","2,4245","2,3580","2,4280","2,3520","2,45%"
"02/01/2025","2,3665","2,3690","2,3750","2,3100","0,19%"
"31/12/2024","2,3620","2,3690","2,3690","2,3640","0,13%"
"30/12/2024","2,3590","2,3990","2,4040","2,3450","-1,28%"
"27/12/2024","2,3895","2,3250","2,4050","2,3250","2,97%"
"24/12/2024","2,3205","2,3250","2,3250","2,3250","-0,28%"
"23/12/2024","2,3270","2,2870","2,3290","2,2870","1,77%"
"20/12/2024","2,2865","2,3070","2,3150","2,2730","-0,78%"
"19/12/2024","2,3045","2,2990","2,3220","2,2750","2,83%"
"18/12/2024","2,2410","2,2320","2,2610","2,2270","0,43%"
"17/12/2024","2,2315","2,2460","2,2590","2,2170","-0,51%"
"16/12/2024","2,2430","2,2520","2,2600","2,2270","-0,18%"
"13/12/2024","2,2470","2,2190","2,2480","2,1980","2,65%"
"12/12/2024","2,1890","2,1320","2,1900","2,1220","2,75%"
"11/12/2024","2,1305","2,1260","2,1340","2,0920","0,69%"
"10/12/2024","2,1160","2,1230","2,1440","2,1000","-0,07%"
"09/12/2024","2,1175","2,1100","2,1220","2,0890","0,24%"
"06/12/2024","2,1125","2,1170","2,1290","2,0880","0,40%"
"05/12/2024","2,1040","2,0540","2,1240","2,0490","2,56%"
"04/12/2024","2,0515","2,0540","2,1010","2,0520","-0,17%"
"03/12/2024","2,0550","2,0420","2,0770","2,0300","1,06%"
"02/12/2024","2,0335","2,0820","2,0840","2,0330","-2,56%"
"29/11/2024","2,0870","2,1270","2,1280","2,0880","-1,77%"
"28/11/2024","2,1245","2,1630","2,1660","2,1250","-1,92%"
"27/11/2024","2,1660","2,1690","2,1870","2,1350","-1,46%"
"26/11/2024","2,1980","2,2100","2,2220","2,1900","-0,25%"
"25/11/2024","2,2035","2,2420","2,2570","2,1970","-2,15%"
"22/11/2024","2,2520","2,3190","2,3450","2,2340","-2,57%"
"21/11/2024","2,3115","2,3500","2,3720","2,2930","-1,26%"
"20/11/2024","2,3410","2,3370","2,3890","2,3360","0,15%"
"19/11/2024","2,3375","2,3720","2,3730","2,2690","-1,43%"
"18/11/2024","2,3715","2,3300","2,4080","2,3290","0,98%"
"15/11/2024","2,3485","2,3600","2,3840","2,3220","0,28%"
"14/11/2024","2,3420","2,4230","2,4240","2,3370","-1,82%"
"13/11/2024","2,3855","2,3970","2,4070","2,3560","1,40%"
"12/11/2024","2,3525","2,3280","2,3540","2,2990","1,23%"
"11/11/2024","2,3240","2,3650","2,3660","2,3110","-1,69%"
"08/11/2024","2,3640","2,4450","2,4450","2,3550","-3,08%"
"07/11/2024","2,4390","2,4080","2,4980","2,4020","1,96%"
"06/11/2024","2,3920","2,4230","2,4340","2,3520","-1,56%"
"05/11/2024","2,4300","2,3960","2,4400","2,3910","1,72%"
"04/11/2024","2,3890","2,4060","2,4380","2,3780","-0,60%"
"01/11/2024","2,4035","2,3900","2,4200","2,3510","0,50%"
"31/10/2024","2,3915","2,3880","2,4470","2,3810","0,76%"
"30/10/2024","2,3735","2,2990","2,3850","2,2860","1,76%"
"29/10/2024","2,3325","2,2850","2,3420","2,2720","2,08%"
"28/10/2024","2,2850","2,3480","2,3520","2,2530","-0,26%"
"25/10/2024","2,2910","2,2660","2,2960","2,2450","1,51%"
"24/10/2024","2,2570","2,3030","2,3070","2,2410","-2,42%"
"23/10/2024","2,3130","2,3220","2,3320","2,2990","-0,17%"
"22/10/2024","2,3170","2,2850","2,3340","2,2810","1,71%"
"21/10/2024","2,2780","2,1890","2,2820","2,1840","4,35%"
"18/10/2024","2,1830","2,2090","2,2290","2,1780","-0,86%"
"17/10/2024","2,2020","2,1850","2,2240","2,1830","1,15%"
"16/10/2024","2,1770","2,2320","2,2320","2,1750","-2,29%"
"15/10/2024","2,2280","2,2790","2,2790","2,2180","-2,11%"
"14/10/2024","2,2760","2,2650","2,2930","2,2530","0,09%"
"11/10/2024","2,2740","2,2480","2,2990","2,2460","0,93%"
"10/10/2024","2,2530","2,2630","2,2880","2,2520","-0,18%"
"09/10/2024","2,2570","2,2440","2,2570","2,2260","0,45%"
"08/10/2024","2,2470","2,2560","2,2650","2,2290","-0,13%"
"07/10/2024","2,2500","2,2200","2,2600","2,2120","1,72%"
"04/10/2024","2,2120","2,1440","2,2410","2,1430","3,51%"
"03/10/2024","2,1370","2,0910","2,1570","2,0890","1,67%"
"02/10/2024","2,1020","2,0370","2,1150","2,0350","2,89%"
"01/10/2024","2,0430","2,1260","2,1310","2,0110","-4,17%"
"30/09/2024","2,1320","2,1330","2,1760","2,1140","-0,37%"
"27/09/2024","2,1400","2,1690","2,1910","2,1100","-1,47%"
"26/09/2024","2,1720","2,1810","2,1830","2,1260","-0,78%"
"25/09/2024","2,1890","2,1490","2,1920","2,1330","2,48%"
"24/09/2024","2,1360","2,1710","2,1970","2,1300","-1,79%"
"23/09/2024","2,1750","2,2120","2,2160","2,1430","-2,07%"
"20/09/2024","2,2210","2,1900","2,2260","2,1700","1,32%"
"19/09/2024","2,1920","2,1970","2,2190","2,1820","0,05%"
"18/09/2024","2,1910","2,1490","2,1960","2,1410","2,05%"
"17/09/2024","2,1470","2,1240","2,1490","2,0890","1,27%"
"16/09/2024","2,1200","2,1470","2,1610","2,1180","-1,35%"
"13/09/2024","2,1490","2,1280","2,1610","2,1090","-0,32%"
"12/09/2024","2,1560","2,1110","2,1610","2,0980","2,76%"
"11/09/2024","2,0980","2,1410","2,1570","2,0860","-2,33%"
"10/09/2024","2,1480","2,1650","2,1870","2,1480","-1,06%"
"09/09/2024","2,1710","2,2270","2,2390","2,1660","0,00%"
"06/09/2024","2,1710","2,2080","2,2170","2,1470","-1,68%"
"05/09/2024","2,2080","2,2060","2,2360","2,1920","-0,41%"
"04/09/2024","2,2170","2,2830","2,2830","2,2030","-2,51%"
"03/09/2024","2,2740","2,3300","2,3420","2,2590","-2,74%"
"02/09/2024","2,3380","2,3010","2,3490","2,3010","2,10%"
"30/08/2024","2,2900","2,2790","2,2910","2,2520","0,35%"
"29/08/2024","2,2820","2,2650","2,2860","2,2220","1,24%"
"28/08/2024","2,2540","2,2760","2,2810","2,2330","-1,10%"
"27/08/2024","2,2790","2,2570","2,3000","2,2430","1,33%"
"26/08/2024","2,2490","2,2300","2,2660","2,2110","1,08%"
"23/08/2024","2,2250","2,2450","2,2610","2,2160","-0,89%"
"22/08/2024","2,2450","2,2010","2,2480","2,1780","2,00%"
"21/08/2024","2,2010","2,2070","2,2260","2,1950","-0,63%"
"20/08/2024","2,2150","2,2600","2,2600","2,2100","-1,73%"
"19/08/2024","2,2540","2,2580","2,2630","2,2150","-0,18%"
"16/08/2024","2,2580","2,2670","2,2670","2,2130","-0,18%"
"15/08/2024","2,2620","2,1840","2,2660","2,1760","3,90%"
"14/08/2024","2,1770","2,1840","2,2170","2,1680","-0,23%"
"13/08/2024","2,1820","2,2260","2,2320","2,1780","-1,93%"
"12/08/2024","2,2250","2,2350","2,2520","2,2220","0,14%"
"09/08/2024","2,2220","2,2560","2,2680","2,2160","-2,07%"
"08/08/2024","2,2690","2,2680","2,2830","2,2160","-0,13%"
"07/08/2024","2,2720","2,1980","2,2900","2,1980","4,17%"
"06/08/2024","2,1810","2,1850","2,2270","2,1390","-0,05%"
"05/08/2024","2,1820","2,1000","2,1840","2,0740","1,02%"
"02/08/2024","2,1600","2,2310","2,2350","2,1490","-3,91%"
"01/08/2024","2,2480","2,3040","2,3040","2,2320","-2,35%"
"31/07/2024","2,3020","2,3390","2,3390","2,3010","-1,71%"
"30/07/2024","2,3420","2,3670","2,3690","2,3320","-0,76%"
"29/07/2024","2,3600","2,4070","2,4080","2,3440","-1,79%"
"26/07/2024","2,4030","2,4340","2,4590","2,3900","-0,41%"
"25/07/2024","2,4130","2,4530","2,4560","2,3900","-1,19%"
"24/07/2024","2,4420","2,4430","2,4540","2,4070","0,16%"
"23/07/2024","2,4380","2,4930","2,4960","2,4340","-1,81%"
"22/07/2024","2,4830","2,4610","2,4840","2,4430","0,81%"
"19/07/2024","2,4630","2,4220","2,4750","2,4180","2,16%"
"18/07/2024","2,4110","2,4220","2,4500","2,4010","-0,41%"
"17/07/2024","2,4210","2,4250","2,4460","2,4080","-0,45%"
"16/07/2024","2,4320","2,4680","2,4720","2,4170","-1,54%"
"15/07/2024","2,4700","2,4960","2,5220","2,4680","-1,04%"
"12/07/2024","2,4960","2,4930","2,5240","2,4830","1,01%"
"11/07/2024","2,4710","2,5400","2,5580","2,4630","-2,56%"
"10/07/2024","2,5360","2,5800","2,5800","2,5130","-0,94%"
"09/07/2024","2,5600","2,5170","2,5610","2,5160","1,63%"
"08/07/2024","2,5190","2,5330","2,5660","2,5110","-0,51%"
"05/07/2024","2,5320","2,5870","2,5870","2,5310","-2,05%"
"04/07/2024","2,5850","2,5660","2,5870","2,5640","1,02%"
"03/07/2024","2,5590","2,6010","2,6160","2,5430","-1,92%"
"02/07/2024","2,6090","2,6060","2,6140","2,5720","0,15%"
"01/07/2024","2,6050","2,5410","2,6060","2,5320","4,83%"
"28/06/2024","2,4850","2,4500","2,4990","2,4320","1,30%"
"27/06/2024","2,4530","2,4530","2,4820","2,4360","0,08%"
"26/06/2024","2,4510","2,4110","2,4540","2,4110","1,66%"
"25/06/2024","2,4110","2,3960","2,4170","2,3790","-0,41%"
"24/06/2024","2,4210","2,3990","2,4330","2,3870","0,50%"
"21/06/2024","2,4090","2,4230","2,4250","2,3540","-0,58%"
"20/06/2024","2,4230","2,4060","2,4520","2,4060","0,83%"
"19/06/2024","2,4030","2,3910","2,4260","2,3710","0,46%"
"18/06/2024","2,3920","2,4110","2,4370","2,3820","-0,87%"
"17/06/2024","2,4130","2,3520","2,4360","2,3520","2,38%"
"14/06/2024","2,3570","2,4800","2,4800","2,3410","-5,46%"
"13/06/2024","2,4930","2,5310","2,5600","2,4890","-1,66%"
"12/06/2024","2,5350","2,6240","2,6250","2,5300","-3,32%"
"11/06/2024","2,6220","2,6780","2,6780","2,6170","-1,94%"
"10/06/2024","2,6740","2,6190","2,6820","2,6190","2,22%"
"07/06/2024","2,6160","2,5470","2,6360","2,5470","2,95%"
"06/06/2024","2,5410","2,5020","2,5750","2,5010","1,72%"
"05/06/2024","2,4980","2,5450","2,5540","2,4940","-1,61%"
"04/06/2024","2,5390","2,5820","2,5890","2,5040","-1,78%"
"03/06/2024","2,5850","2,6660","2,6660","2,5700","-2,38%"
"31/05/2024","2,6480","2,6540","2,7070","2,6360","-0,26%"
"30/05/2024","2,6550","2,6870","2,6910","2,6530","-1,04%"
"29/05/2024","2,6830","2,6350","2,6850","2,6010","3,63%"
"28/05/2024","2,5890","2,5500","2,5890","2,5370","1,65%"
"27/05/2024","2,5470","2,5860","2,5980","2,5320","-1,39%"
"24/05/2024","2,5830","2,5980","2,6180","2,5710","-0,65%"
"23/05/2024","2,6000","2,5420","2,6110","2,5120","2,65%"
"22/05/2024","2,5330","2,5370","2,5560","2,5190","1,04%"
"21/05/2024","2,5070","2,5270","2,5300","2,4890","-0,99%"
"20/05/2024","2,5320","2,5170","2,5420","2,5070","0,68%"
"17/05/2024","2,5150","2,4690","2,5180","2,4610","2,86%"
"16/05/2024","2,4450","2,4250","2,4510","2,3980","0,91%"
"15/05/2024","2,4230","2,5500","2,5520","2,4190","-4,64%"
"14/05/2024","2,5410","2,5070","2,5530","2,4830","1,32%"
"13/05/2024","2,5080","2,5180","2,5240","2,4840","-0,48%"
"10/05/2024","2,5200","2,4930","2,5240","2,4580","0,88%"
"09/05/2024","2,4980","2,4650","2,5070","2,4650","1,50%"
"08/05/2024","2,4610","2,4210","2,4740","2,4210","1,65%"
"07/05/2024","2,4210","2,4400","2,4620","2,4170","-2,26%"
"06/05/2024","2,4770","2,4490","2,4790","2,4390","-1,31%"
"03/05/2024","2,5100","2,5460","2,5460","2,4510","-1,68%"
"02/05/2024","2,5530","2,5580","2,5840","2,5290","-1,14%"
"01/05/2024","2,5825","2,5330","2,5835","2,5820","0,02%"
"30/04/2024","2,5820","2,5330","2,5970","2,5110","2,14%"
"29/04/2024","2,5280","2,5780","2,5810","2,5070","-1,79%"
"26/04/2024","2,5740","2,6250","2,6320","2,5520","-1,91%"
"25/04/2024","2,6240","2,5900","2,6470","2,5680","1,47%"
"24/04/2024","2,5860","2,5310","2,5990","2,5170","3,19%"
"23/04/2024","2,5060","2,4860","2,5270","2,4670","0,60%"
"22/04/2024","2,4910","2,5020","2,5540","2,4860","-0,56%"
"19/04/2024","2,5050","2,4990","2,5230","2,4320","0,48%"
"18/04/2024","2,4930","2,4670","2,4940","2,4250","0,89%"
"17/04/2024","2,4710","2,4890","2,5090","2,4510","-0,60%"
"16/04/2024","2,4860","2,4320","2,5110","2,4190","2,14%"
"15/04/2024","2,4340","2,3640","2,4540","2,3610","3,22%"
"12/04/2024","2,3580","2,4680","2,4680","2,3180","-4,77%"
"11/04/2024","2,4760","2,4550","2,4830","2,4160","1,93%"
"10/04/2024","2,4290","2,3710","2,4410","2,3420","2,58%"
"09/04/2024","2,3680","2,4300","2,4360","2,3610","-2,95%"
"08/04/2024","2,4400","2,4020","2,4570","2,4010","1,67%"
"05/04/2024","2,4000","2,3650","2,4070","2,3360","1,74%"
"04/04/2024","2,3590","2,3840","2,3940","2,3400","-1,63%"
"03/04/2024","2,3980","2,4060","2,4300","2,3600","-0,54%"
"02/04/2024","2,4110","2,2950","2,4320","2,2950","4,96%"
"01/04/2024","2,2970","2,2920","2,2970","2,2970","0,20%"
"29/03/2024","2,2925","2,2920","2,2925","2,2915","-0,02%"
"28/03/2024","2,2930","2,2920","2,3250","2,2880","0,09%"
"27/03/2024","2,2910","2,3550","2,3550","2,2880","-2,43%"
"26/03/2024","2,3480","2,3750","2,3750","2,3390","-1,14%"
"25/03/2024","2,3750","2,3180","2,3760","2,3170","2,33%"
"22/03/2024","2,3210","2,3830","2,3870","2,3160","-3,21%"
"21/03/2024","2,3980","2,4370","2,4400","2,3760","-1,52%"
"20/03/2024","2,4350","2,4520","2,4550","2,4050","-0,61%"
"19/03/2024","2,4500","2,4580","2,4650","2,4270","-0,28%"
"18/03/2024","2,4570","2,4360","2,4680","2,4290","0,82%"
"15/03/2024","2,4370","2,4270","2,4550","2,4230","0,70%"
"14/03/2024","2,4200","2,3670","2,4320","2,3570","2,76%"
"13/03/2024","2,3550","2,3300","2,3630","2,2950","1,25%"
"12/03/2024","2,3260","2,3040","2,3420","2,2750","1,26%"
"11/03/2024","2,2970","2,2690","2,3180","2,2410","1,23%"
"08/03/2024","2,2690","2,2920","2,2970","2,2330","-1,09%"
"07/03/2024","2,2940","2,3320","2,3500","2,2500","-1,59%"
"06/03/2024","2,3310","2,3230","2,3620","2,3150","0,39%"
"05/03/2024","2,3220","2,3940","2,3940","2,2930","-3,13%"
"04/03/2024","2,3970","2,4140","2,4280","2,3850","-0,66%"
"01/03/2024","2,4130","2,4420","2,4720","2,3920","0,50%"
"29/02/2024","2,4010","2,4550","2,5130","2,4010","-2,48%"
"28/02/2024","2,4620","2,4660","2,4690","2,4350","0,24%"
"27/02/2024","2,4560","2,4400","2,4560","2,4110","1,03%"
"26/02/2024","2,4310","2,3780","2,4310","2,3740","2,92%"
"23/02/2024","2,3620","2,4410","2,4780","2,3620","-3,00%"
"22/02/2024","2,4350","2,4500","2,5000","2,4110","-0,25%"
"21/02/2024","2,4410","2,3740","2,4410","2,3670","3,00%"
"20/02/2024","2,3700","2,4090","2,4100","2,3580","-1,70%"
"19/02/2024","2,4110","2,3940","2,4180","2,3870","0,42%"
"16/02/2024","2,4010","2,3590","2,4220","2,3590","2,04%"
"15/02/2024","2,3530","2,3370","2,3530","2,2920","0,21%"
"14/02/2024","2,3480","2,3930","2,3930","2,3450","-1,84%"
"13/02/2024","2,3920","2,3620","2,4150","2,3330","1,10%"
"12/02/2024","2,3660","2,3680","2,3720","2,3640","-0,59%"
"09/02/2024","2,3800","2,3670","2,3900","2,3330","1,02%"
"08/02/2024","2,3560","2,3170","2,3600","2,2950","2,48%"
"07/02/2024","2,2990","2,2920","2,3140","2,2720","0,09%"
"06/02/2024","2,2970","2,3180","2,3430","2,2810","-1,16%"
"05/02/2024","2,3240","2,2420","2,3330","2,2370","4,26%"
"02/02/2024","2,2290","2,1740","2,2470","2,1530","4,26%"
"01/02/2024","2,1380","2,1850","2,2170","2,1190","-1,06%"
"31/01/2024","2,1610","2,2700","2,2700","2,1540","-4,93%"
"30/01/2024","2,2730","2,2350","2,2930","2,1980","1,52%"
"29/01/2024","2,2390","2,2660","2,2710","2,2280","-2,53%"
"26/01/2024","2,2970","2,2510","2,3140","2,2370","0,61%"
"25/01/2024","2,2830","2,3520","2,3710","2,2790","-2,19%"
"24/01/2024","2,3340","2,3240","2,3400","2,2940","-0,64%"
"23/01/2024","2,3490","2,2980","2,3500","2,2930","3,98%"
"22/01/2024","2,2590","2,2730","2,2870","2,2440","-1,95%"
"19/01/2024","2,3040","2,3220","2,3260","2,2770","-0,13%"
"18/01/2024","2,3070","2,2770","2,3120","2,2630","1,45%"
"17/01/2024","2,2740","2,2510","2,2930","2,2230","2,62%"
"16/01/2024","2,2160","2,1920","2,2260","2,1740","0,77%"
"15/01/2024","2,1990","2,1500","2,2180","2,1500","2,61%"
"12/01/2024","2,1430","2,1600","2,1870","2,1310","-2,90%"
"11/01/2024","2,2070","2,2100","2,2250","2,1650","-0,27%"
"10/01/2024","2,2130","2,1950","2,2140","2,1600","1,10%"
"09/01/2024","2,1890","2,1370","2,1990","2,1370","3,11%"
"08/01/2024","2,1230","2,1560","2,2080","2,1200","-0,93%"
"05/01/2024","2,1430","2,1250","2,2110","2,1180","1,85%"
"04/01/2024","2,1040","1,9930","2,1400","1,9750","4,31%"
"03/01/2024","2,0170","2,0770","2,1050","2,0140","-2,42%"
"02/01/2024","2,0670","2,0680","2,1100","2,0450","2,30%"
"01/01/2024","2,0205","1,9460","2,0205","2,0170","-0,37%"
"29/12/2023","2,0280","1,9460","2,0340","1,9260","4,48%"
"28/12/2023","1,9410","1,9070","1,9540","1,8960","2,16%"
"27/12/2023","1,9000","1,9600","1,9720","1,8980","-3,92%"
"26/12/2023","1,9775","1,9830","1,9775","1,9775","0,15%"
"25/12/2023","1,9745","1,9830","1,9745","1,9700","0,28%"
"22/12/2023","1,9690","1,9830","1,9890","1,9490","0,77%"
"21/12/2023","1,9540","1,9770","1,9890","1,9400","-1,21%"
"20/12/2023","1,9780","1,9980","2,0030","1,9540","-1,88%"
"19/12/2023","2,0160","2,0420","2,0450","2,0090","-2,80%"
"18/12/2023","2,0740","2,0350","2,0840","2,0090","3,03%"
"15/12/2023","2,0130","2,1270","2,1410","2,0120","-5,32%"
"14/12/2023","2,1260","2,0720","2,1510","2,0290","-1,94%"
"13/12/2023","2,1680","2,2230","2,2280","2,1680","-2,78%"
"12/12/2023","2,2300","2,2310","2,2430","2,1950","-1,46%"
"11/12/2023","2,2630","2,2730","2,2770","2,2460","-0,22%"
"08/12/2023","2,2680","2,2010","2,2860","2,1960","3,23%"
"07/12/2023","2,1970","2,2000","2,2350","2,1660","-0,72%"
"06/12/2023","2,2130","2,2590","2,2790","2,2030","-1,12%"
"05/12/2023","2,2380","2,2890","2,3240","2,2360","-4,77%"
"04/12/2023","2,3500","2,3700","2,3830","2,3130","-0,47%"
"01/12/2023","2,3610","2,4590","2,4610","2,3610","-3,59%"
"30/11/2023","2,4490","2,4300","2,4890","2,3940","1,03%"
"29/11/2023","2,4240","2,4440","2,4680","2,4110","-2,85%"
"28/11/2023","2,4950","2,5420","2,5680","2,4880","-2,35%"
"27/11/2023","2,5550","2,6450","2,6490","2,5480","-3,40%"
"24/11/2023","2,6450","2,6340","2,6630","2,6240","0,84%"
"23/11/2023","2,6230","2,5550","2,6250","2,5500","2,26%"
"22/11/2023","2,5650","2,5710","2,5960","2,5160","0,39%"
"21/11/2023","2,5550","2,6130","2,6130","2,5470","-2,29%"
"20/11/2023","2,6150","2,6040","2,6360","2,5870","1,12%"
"18/11/2023","2,5860","2,5860","2,5860","2,5860","-0,15%"
"17/11/2023","2,5900","2,5880","2,5910","2,5170","0,19%"
"16/11/2023","2,5850","2,6050","2,6280","2,5600","-1,75%"
"15/11/2023","2,6310","2,5890","2,6480","2,5670","1,11%"
"14/11/2023","2,6020","2,7070","2,7170","2,5990","-4,34%"
"13/11/2023","2,7200","2,7260","2,7470","2,6880","0,37%"
"10/11/2023","2,7100","2,7080","2,7420","2,6800","2,15%"
"09/11/2023","2,6530","2,6140","2,6640","2,6120","1,49%"
"08/11/2023","2,6140","2,6660","2,6670","2,6060","-1,99%"
"07/11/2023","2,6670","2,7480","2,7600","2,6590","-2,59%"
"06/11/2023","2,7380","2,6810","2,7390","2,6750","3,79%"
"03/11/2023","2,6380","2,7160","2,7310","2,6290","-2,58%"
"02/11/2023","2,7080","2,7120","2,7510","2,6650","-1,81%"
"01/11/2023","2,7580","2,8410","2,8530","2,7480","-1,82%"
"31/10/2023","2,8090","2,8160","2,8180","2,7530","-0,64%"
"30/10/2023","2,8270","2,7840","2,8510","2,7630","-0,25%"
"27/10/2023","2,8340","2,8620","2,8620","2,8200","-0,56%"
"26/10/2023","2,8500","2,9190","2,9290","2,8330","-1,35%"
"25/10/2023","2,8890","2,8270","2,8900","2,7920","1,98%"
"24/10/2023","2,8330","2,8550","2,8690","2,7810","-1,08%"
"23/10/2023","2,8640","2,9190","2,9680","2,8640","-0,66%"
"20/10/2023","2,8830","2,9090","2,9400","2,8790","-1,54%"
"19/10/2023","2,9280","2,9290","2,9580","2,9050","0,21%"
"18/10/2023","2,9220","2,8780","2,9310","2,8630","1,35%"
"17/10/2023","2,8830","2,7950","2,8920","2,7860","3,63%"
"16/10/2023","2,7820","2,7430","2,8000","2,7410","1,70%"
"14/10/2023","2,7355","2,7355","2,7355","2,7355","0,13%"
"13/10/2023","2,7320","2,7930","2,7930","2,7040","-1,94%"
"12/10/2023","2,7860","2,7060","2,7870","2,6870","2,54%"
"11/10/2023","2,7170","2,7780","2,7950","2,7030","-2,30%"
"10/10/2023","2,7810","2,7690","2,8330","2,7590","0,65%"
"09/10/2023","2,7630","2,8850","2,8920","2,7630","-4,23%"
"06/10/2023","2,8850","2,8850","2,9540","2,8850","0,10%"
"05/10/2023","2,8820","2,9200","2,9660","2,8800","-2,01%"
"04/10/2023","2,9410","3,0060","3,0240","2,9310","-0,54%"
"03/10/2023","2,9570","2,9190","2,9610","2,8960","1,55%"
"02/10/2023","2,9120","2,8560","2,9170","2,8410","2,61%"
"29/09/2023","2,8380","2,9310","2,9310","2,8110","-4,38%"
"28/09/2023","2,9680","2,8340","2,9800","2,8340","4,77%"
"27/09/2023","2,8330","2,8070","2,8360","2,7720","1,21%"
"26/09/2023","2,7990","2,8120","2,8210","2,7640","0,36%"
"25/09/2023","2,7890","2,7460","2,8110","2,7430","1,97%"
"22/09/2023","2,7350","2,7340","2,7660","2,6800","-0,44%"
"21/09/2023","2,7470","2,7520","2,7790","2,7270","1,59%"
"20/09/2023","2,7040","2,7510","2,7510","2,7030","-1,35%"
"19/09/2023","2,7410","2,6990","2,7510","2,6920","0,88%"
"18/09/2023","2,7170","2,6890","2,7220","2,6770","1,76%"
"15/09/2023","2,6700","2,5830","2,6780","2,5830","2,89%"
"14/09/2023","2,5950","2,6520","2,6580","2,5640","-2,19%"
"13/09/2023","2,6530","2,6440","2,6900","2,6410","0,42%"
"12/09/2023","2,6420","2,6400","2,6430","2,6090","0,23%"
"11/09/2023","2,6360","2,6100","2,6440","2,6100","1,05%"
"09/09/2023","2,6085","2,6085","2,6085","2,6085","0,40%"
"08/09/2023","2,5980","2,5750","2,6240","2,5650","-0,88%"
"07/09/2023","2,6210","2,6640","2,6640","2,6100","-1,39%"
"06/09/2023","2,6580","2,6010","2,6590","2,5950","1,88%"
"05/09/2023","2,6090","2,5810","2,6110","2,5740","1,24%"
"04/09/2023","2,5770","2,5530","2,5840","2,5490","1,30%"
"01/09/2023","2,5440","2,4760","2,5450","2,4460","2,95%"
"31/08/2023","2,4710","2,5470","2,5710","2,4550","-2,56%"
"30/08/2023","2,5360","2,5270","2,5870","2,5190","1,04%"
"29/08/2023","2,5100","2,5360","2,5760","2,5070","-2,18%"
"28/08/2023","2,5660","2,5570","2,5950","2,5410","0,35%"
"25/08/2023","2,5570","2,5130","2,5790","2,5130","1,39%"
"24/08/2023","2,5220","2,5210","2,5340","2,4480","-0,04%"
"23/08/2023","2,5230","2,6410","2,6480","2,5180","-4,97%"
"22/08/2023","2,6550","2,6910","2,7050","2,6510","-1,92%"
"21/08/2023","2,7070","2,6220","2,7090","2,6220","3,28%"
"18/08/2023","2,6210","2,6840","2,6840","2,5910","-2,93%"
"17/08/2023","2,7000","2,7130","2,7140","2,6720","2,08%"
"16/08/2023","2,6450","2,6800","2,6800","2,6350","-1,23%"
"15/08/2023","2,6780","2,6520","2,7290","2,6480","1,52%"
"14/08/2023","2,6380","2,6290","2,6500","2,6010","0,69%"
"11/08/2023","2,6200","2,5970","2,6260","2,5560","4,63%"
"10/08/2023","2,5040","2,4940","2,5110","2,4630","1,50%"
"09/08/2023","2,4670","2,4200","2,4920","2,4200","1,07%"
"08/08/2023","2,4410","2,5260","2,5360","2,4120","-4,69%"
"07/08/2023","2,5610","2,5110","2,6050","2,5110","1,31%"
"06/08/2023","2,5280","2,5280","2,5280","2,5280","-0,51%"
"04/08/2023","2,5410","2,5720","2,6200","2,5330","-0,43%"
"03/08/2023","2,5520","2,5260","2,5660","2,5080","1,75%"
"02/08/2023","2,5080","2,5110","2,5230","2,4660","-0,71%"
"01/08/2023","2,5260","2,4560","2,5290","2,4480","2,47%"
"31/07/2023","2,4650","2,4930","2,5030","2,4500","0,28%"
"28/07/2023","2,4580","2,4880","2,5540","2,4260","0,94%"
"27/07/2023","2,4350","2,4250","2,4680","2,3740","-0,77%"
"26/07/2023","2,4540","2,3960","2,4620","2,3960","2,21%"
"25/07/2023","2,4010","2,4110","2,4410","2,3970","0,54%"
"24/07/2023","2,3880","2,4510","2,4600","2,3650","-1,49%"
"23/07/2023","2,4240","2,4240","2,4240","2,4240","-0,16%"
"21/07/2023","2,4280","2,4570","2,4720","2,4150","-0,86%"
"20/07/2023","2,4490","2,3930","2,4570","2,3810","2,17%"
"19/07/2023","2,3970","2,2970","2,4010","2,2850","2,00%"
"18/07/2023","2,3500","2,4300","2,4340","2,3360","-4,20%"
"17/07/2023","2,4530","2,4740","2,4890","2,4120","-0,93%"
"16/07/2023","2,4760","2,4760","2,4760","2,4760","-0,04%"
"14/07/2023","2,4770","2,4610","2,4830","2,4340","0,49%"
"13/07/2023","2,4650","2,5510","2,5530","2,4380","-3,33%"
"12/07/2023","2,5500","2,6360","2,6360","2,5470","-3,81%"
"11/07/2023","2,6510","2,6130","2,6570","2,5910","0,57%"
"10/07/2023","2,6360","2,6480","2,6790","2,6220","0,04%"
"07/07/2023","2,6350","2,6220","2,6770","2,6010","0,19%"
"06/07/2023","2,6300","2,5190","2,6410","2,4960","6,05%"
"05/07/2023","2,4800","2,4490","2,4800","2,4050","1,02%"
"04/07/2023","2,4550","2,4330","2,4800","2,4300","0,90%"
"03/07/2023","2,4330","2,4010","2,4490","2,3630","1,76%"
"02/07/2023","2,3910","2,3910","2,3910","2,3910","0,00%"
"30/06/2023","2,3910","2,4040","2,4560","2,3880","-0,95%"
"29/06/2023","2,4140","2,3430","2,4340","2,3260","4,32%"
"28/06/2023","2,3140","2,3720","2,3720","2,3000","-2,16%"
"27/06/2023","2,3650","2,3130","2,3650","2,2860","2,83%"
"26/06/2023","2,3000","2,3510","2,3680","2,2920","-2,11%"
"25/06/2023","2,3495","2,3495","2,3495","2,3495","-0,32%"
"23/06/2023","2,3570","2,4760","2,4820","2,3160","-5,27%"
"22/06/2023","2,4880","2,4070","2,5000","2,4060","2,30%"
"21/06/2023","2,4320","2,4080","2,4520","2,3940","1,08%"
"20/06/2023","2,4060","2,5090","2,5090","2,3980","-4,45%"
"19/06/2023","2,5180","2,4500","2,5260","2,4270","2,15%"
"18/06/2023","2,4650","2,4650","2,4650","2,4650","0,16%"
"16/06/2023","2,4610","2,5080","2,5480","2,4560","-1,60%"
"15/06/2023","2,5010","2,4800","2,5480","2,4400","2,37%"
"14/06/2023","2,4430","2,4450","2,4670","2,4190","0,70%"
"13/06/2023","2,4260","2,3570","2,4260","2,3370","1,85%"
"12/06/2023","2,3820","2,3890","2,3980","2,3250","0,06%"
"11/06/2023","2,3805","2,3805","2,3805","2,3805","0,06%"
"09/06/2023","2,3790","2,4170","2,4320","2,3670","-1,86%"
"08/06/2023","2,4240","2,4630","2,4800","2,4140","-0,82%"
"07/06/2023","2,4440","2,3560","2,4450","2,3470","3,21%"
"06/06/2023","2,3680","2,4030","2,4070","2,3090","-0,29%"
"05/06/2023","2,3750","2,3470","2,3950","2,3430","2,72%"
"04/06/2023","2,3120","2,3120","2,3120","2,3120","0,22%"
"02/06/2023","2,3070","2,2590","2,3210","2,2540","2,08%"
"01/06/2023","2,2600","2,2890","2,3060","2,2400","-0,53%"
"31/05/2023","2,2720","2,2870","2,3000","2,2400","-3,73%"
"30/05/2023","2,3600","2,4260","2,4390","2,3380","-3,00%"
"29/05/2023","2,4330","2,5260","2,5340","2,4230","-4,00%"
"28/05/2023","2,5345","2,5345","2,5345","2,5345","-0,14%"
"26/05/2023","2,5380","2,5330","2,5560","2,4950","2,01%"
"25/05/2023","2,4880","2,4840","2,4920","2,4380","1,43%"
"24/05/2023","2,4530","2,4440","2,5010","2,4170","-0,49%"
"23/05/2023","2,4650","2,4600","2,4970","2,4550","0,57%"
"22/05/2023","2,4510","2,4320","2,4650","2,3960","1,66%"
"21/05/2023","2,4110","2,4110","2,4110","2,4110","-0,70%"
"19/05/2023","2,4280","2,4570","2,4990","2,4210","0,62%"
"18/05/2023","2,4130","2,3500","2,4580","2,3470","3,12%"
"17/05/2023","2,3400","2,3370","2,3460","2,2920","0,00%"
"16/05/2023","2,3400","2,2910","2,3460","2,2530","1,34%"
"15/05/2023","2,3090","2,3070","2,3180","2,2820","1,90%"
"12/05/2023","2,2660","2,2330","2,2730","2,2270","2,16%"
"11/05/2023","2,2180","2,2960","2,2970","2,1740","-3,40%"
"10/05/2023","2,2960","2,3510","2,3690","2,2770","-1,80%"
"09/05/2023","2,3380","2,3220","2,3420","2,2920","0,86%"
"08/05/2023","2,3180","2,2760","2,3490","2,2700","1,29%"
"07/05/2023","2,2885","2,2885","2,2885","2,2885","-0,28%"
"05/05/2023","2,2950","2,1910","2,3030","2,1910","4,60%"
"04/05/2023","2,1940","2,2430","2,3060","2,1780","-2,36%"
"03/05/2023","2,2470","2,2720","2,2740","2,2180","-0,18%"
"02/05/2023","2,2510","2,4100","2,4250","2,2490","-2,70%"
"01/05/2023","2,3135","2,3130","2,3205","2,3130","-0,37%"
"28/04/2023","2,3220","2,4270","2,4810","2,3170","-5,34%"
"27/04/2023","2,4530","2,4160","2,4580","2,3920","2,81%"
"26/04/2023","2,3860","2,3690","2,3900","2,3110","0,34%"
"25/04/2023","2,3780","2,4780","2,4870","2,3580","-4,54%"
"24/04/2023","2,4910","2,4770","2,5040","2,4380","0,38%"
"23/04/2023","2,4815","2,4815","2,4815","2,4815","-0,14%"
"21/04/2023","2,4850","2,4430","2,4940","2,4200","1,68%"
"20/04/2023","2,4440","2,4990","2,5120","2,4430","-2,44%"
"19/04/2023","2,5050","2,4770","2,5400","2,4770","1,42%"
"18/04/2023","2,4700","2,4800","2,5020","2,4400","-0,44%"
"17/04/2023","2,4810","2,4350","2,4950","2,4190","1,99%"
"16/04/2023","2,4325","2,4325","2,4325","2,4325","-0,02%"
"14/04/2023","2,4330","2,3820","2,4340","2,3550","2,61%"
"13/04/2023","2,3710","2,3680","2,3950","2,3300","0,47%"
"12/04/2023","2,3600","2,3090","2,3980","2,2540","2,48%"
"11/04/2023","2,3030","2,2580","2,3150","2,2250","5,28%"
"10/04/2023","2,1875","2,1875","2,1875","2,1875","0,62%"
"07/04/2023","2,1740","2,1880","2,1880","2,1740","-0,32%"
"06/04/2023","2,1810","2,1940","2,2080","2,1220","0,05%"
"05/04/2023","2,1800","2,2650","2,3030","2,1640","-3,80%"
"04/04/2023","2,2660","2,2590","2,3390","2,2540","0,94%"
"03/04/2023","2,2450","2,3160","2,3650","2,2340","-1,77%"
"02/04/2023","2,2855","2,2855","2,2855","2,2855","-0,67%"
"31/03/2023","2,3010","2,3480","2,4030","2,3000","-2,83%"
"30/03/2023","2,3680","2,2930","2,3960","2,2280","2,64%"
"29/03/2023","2,3070","2,3240","2,3360","2,2680","1,01%"
"28/03/2023","2,2840","2,2580","2,3270","2,2360","2,56%"
"27/03/2023","2,2270","2,1260","2,2760","2,1260","4,90%"
"26/03/2023","2,1230","2,1230","2,1230","2,1230","0,05%"
"24/03/2023","2,1220","2,1590","2,1870","1,9940","-3,11%"
"23/03/2023","2,1900","2,2740","2,3000","2,1730","-5,97%"
"22/03/2023","2,3290","2,2770","2,3900","2,2770","2,24%"
"21/03/2023","2,2780","2,1270","2,2860","2,0960","8,37%"
"20/03/2023","2,1020","1,9760","2,1300","1,9230","0,17%"
"19/03/2023","2,0985","2,0985","2,0985","2,0985","-1,53%"
"17/03/2023","2,1310","2,2730","2,2810","2,0690","-5,08%"
"16/03/2023","2,2450","2,2560","2,2920","2,1170","6,10%"
"15/03/2023","2,1160","2,4340","2,5030","2,1120","-13,84%"
"14/03/2023","2,4560","2,2520","2,4610","2,1870","7,96%"
"13/03/2023","2,2750","2,4510","2,4820","2,1680","-8,87%"
"12/03/2023","2,4965","2,4965","2,4965","2,4965","-0,06%"
"10/03/2023","2,4980","2,5240","2,5560","2,4290","-5,31%"
"09/03/2023","2,6380","2,6610","2,7020","2,6290","-0,23%"
"08/03/2023","2,6440","2,7060","2,7280","2,6220","-1,78%"
"07/03/2023","2,6920","2,7320","2,7410","2,6430","-1,28%"
"06/03/2023","2,7270","2,6710","2,7350","2,6370","0,22%"
"05/03/2023","2,7210","2,7210","2,7210","2,7210","0,26%"
"03/03/2023","2,7140","2,7380","2,7550","2,6970","-1,27%"
"02/03/2023","2,7490","2,7280","2,7700","2,7020","1,14%"
"01/03/2023","2,7180","2,6880","2,7280","2,6620","2,84%"
"28/02/2023","2,6430","2,5810","2,7100","2,5800","2,16%"
"27/02/2023","2,5870","2,5360","2,5910","2,5130","2,41%"
"26/02/2023","2,5260","2,5260","2,5260","2,5260","-0,16%"
"24/02/2023","2,5300","2,4490","2,5680","2,4300","2,43%"
"23/02/2023","2,4700","2,5320","2,5570","2,4700","-1,71%"
"22/02/2023","2,5130","2,5480","2,5700","2,5030","-0,91%"
"21/02/2023","2,5360","2,4660","2,5580","2,4550","3,05%"
"20/02/2023","2,4610","2,4440","2,4620","2,4240","0,63%"
"19/02/2023","2,4455","2,4455","2,4455","2,4455","0,58%"
"18/02/2023","2,4315","2,4315","2,4315","2,4315","-1,04%"
"17/02/2023","2,4570","2,5150","2,5650","2,4410","-0,77%"
"16/02/2023","2,4760","2,4650","2,5170","2,4440","-0,16%"
"15/02/2023","2,4800","2,4240","2,4830","2,3990","1,39%"
"14/02/2023","2,4460","2,3500","2,4470","2,3190","2,99%"
"13/02/2023","2,3750","2,3490","2,3960","2,3400","0,49%"
"12/02/2023","2,3635","2,3635","2,3635","2,3635","-0,15%"
"10/02/2023","2,3670","2,3410","2,3770","2,3150","2,65%"
"09/02/2023","2,3060","2,3300","2,3340","2,2560","-2,49%"
"08/02/2023","2,3650","2,3460","2,3960","2,3380","2,29%"
"07/02/2023","2,3120","2,2820","2,3340","2,2780","1,23%"
"06/02/2023","2,2840","2,1950","2,2970","2,1950","4,70%"
"05/02/2023","2,1815","2,1815","2,1815","2,1815","-0,66%"
"03/02/2023","2,1960","2,0810","2,2160","2,0670","6,60%"
"02/02/2023","2,0600","2,2700","2,2720","2,0420","-10,28%"
"01/02/2023","2,2960","2,2710","2,3030","2,2440","0,70%"
"31/01/2023","2,2800","2,3070","2,3160","2,2520","-1,26%"
"30/01/2023","2,3090","2,2070","2,3250","2,2000","3,17%"
"29/01/2023","2,2380","2,2380","2,2380","2,2380","-0,09%"
"27/01/2023","2,2400","2,2330","2,2830","2,2270","1,13%"
"26/01/2023","2,2150","2,1550","2,2160","2,1440","2,55%"
"25/01/2023","2,1600","2,1610","2,1730","2,0790","0,05%"
"24/01/2023","2,1590","2,2000","2,2240","2,1540","-1,82%"
"23/01/2023","2,1990","2,1710","2,2140","2,1540","1,24%"
"22/01/2023","2,1720","2,1720","2,1720","2,1720","0,14%"
"20/01/2023","2,1690","2,0750","2,1730","2,0600","5,80%"
"19/01/2023","2,0500","2,0220","2,0910","1,9800","1,94%"
"18/01/2023","2,0110","2,0710","2,1020","1,9670","-3,55%"
"17/01/2023","2,0850","2,1910","2,2080","2,0650","-4,05%"
"16/01/2023","2,1730","2,1720","2,2150","2,1500","0,49%"
"15/01/2023","2,1625","2,1625","2,1625","2,1625","0,91%"
"13/01/2023","2,1430","2,1000","2,1430","2,0970","0,52%"
"12/01/2023","2,1320","2,1600","2,1820","2,0630","-2,38%"
"11/01/2023","2,1840","2,2660","2,2730","2,1740","-5,08%"
"10/01/2023","2,3010","2,2500","2,3100","2,2450","3,74%"
"09/01/2023","2,2180","2,2100","2,2800","2,2100","0,36%"
"06/01/2023","2,2100","2,2980","2,3270","2,1920","-4,20%"
"05/01/2023","2,3070","2,2810","2,3470","2,2720","1,72%"
"04/01/2023","2,2680","2,3620","2,3930","2,2640","-4,55%"
"03/01/2023","2,3760","2,4480","2,4960","2,3430","-2,74%"
"02/01/2023","2,4430","2,5500","2,5690","2,4260","-4,74%"
"31/12/2022","2,5645","2,5650","2,5650","2,5645","0,06%"
"30/12/2022","2,5630","2,4690","2,5690","2,4530","4,06%"
"29/12/2022","2,4630","2,4970","2,5200","2,4600","-1,79%"
"28/12/2022","2,5080","2,5150","2,5260","2,4560","-0,32%"
"27/12/2022","2,5160","2,4180","2,5300","2,4170","5,34%"
"26/12/2022","2,3885","2,3855","2,3890","2,3855","-0,10%"
"23/12/2022","2,3910","2,3610","2,4130","2,3510","1,01%"
"22/12/2022","2,3670","2,3020","2,3810","2,2780","2,78%"
"21/12/2022","2,3030","2,3030","2,3180","2,2670","0,09%"
"20/12/2022","2,3010","2,2240","2,3080","2,2130","4,54%"
"19/12/2022","2,2010","2,1680","2,2220","2,1490","2,56%"
"18/12/2022","2,1460","2,1460","2,1460","2,1460","-0,60%"
"16/12/2022","2,1590","2,1030","2,2080","2,0960","3,20%"
"15/12/2022","2,0920","1,9570","2,1180","1,9090","7,95%"
"14/12/2022","1,9380","1,9060","1,9950","1,8850","1,57%"
"13/12/2022","1,9080","1,9510","1,9860","1,8490","-1,40%"
"12/12/2022","1,9350","1,9320","1,9500","1,8790","0,36%"
"10/12/2022","1,9280","1,9280","1,9280","1,9280","0,26%"
"09/12/2022","1,9230","1,8190","1,9410","1,8190","5,66%"
"08/12/2022","1,8200","1,7860","1,8390","1,7630","2,08%"
"07/12/2022","1,7830","1,7830","1,8340","1,7530","-0,72%"
"06/12/2022","1,7960","1,8910","1,9160","1,7940","-4,67%"
"05/12/2022","1,8840","1,8580","1,9010","1,8170","1,56%"
"02/12/2022","1,8550","1,8260","1,8720","1,7600","1,76%"
"01/12/2022","1,8230","1,8630","1,8730","1,7950","-6,22%"
"30/11/2022","1,9440","1,9180","1,9730","1,9150","1,62%"
"29/11/2022","1,9130","1,9560","1,9740","1,8760","-3,97%"
"28/11/2022","1,9920","1,9810","2,0300","1,9120","1,17%"
"25/11/2022","1,9690","1,8670","1,9850","1,8540","6,61%"
"24/11/2022","1,8470","1,9080","1,9120","1,8020","-3,90%"
"23/11/2022","1,9220","1,9850","2,0300","1,9080","-3,03%"
"22/11/2022","1,9820","1,9970","2,0280","1,9690","0,25%"
"21/11/2022","1,9770","2,0060","2,0590","1,9530","-1,64%"
"19/11/2022","2,0100","2,0100","2,0100","2,0100","-0,40%"
"18/11/2022","2,0180","2,0190","2,0980","1,9900","-0,59%"
"17/11/2022","2,0300","1,9980","2,0500","1,9490","1,45%"
"16/11/2022","2,0010","2,1090","2,1370","1,9870","-4,62%"
"15/11/2022","2,0980","2,1450","2,1620","2,0530","-2,83%"
"14/11/2022","2,1590","2,1660","2,1740","2,0980","0,05%"
"11/11/2022","2,1580","2,0030","2,1620","2,0030","7,74%"
"10/11/2022","2,0030","2,1570","2,2000","1,9790","-7,99%"
"09/11/2022","2,1770","2,2700","2,2800","2,1710","-4,18%"
"08/11/2022","2,2720","2,3430","2,3780","2,2520","-2,28%"
"07/11/2022","2,3250","2,2950","2,3500","2,2610","1,57%"
"04/11/2022","2,2890","2,2410","2,3160","2,2000","1,69%"
"03/11/2022","2,2510","2,1430","2,2970","2,1430","5,43%"
"02/11/2022","2,1350","2,1360","2,1550","2,1070","0,52%"
"01/11/2022","2,1240","2,1080","2,1510","2,0270","-1,21%"
"31/10/2022","2,1500","2,0980","2,1680","2,0950","3,07%"
"28/10/2022","2,0860","1,9630","2,1600","1,9630","5,46%"
"27/10/2022","1,9780","2,1480","2,2060","1,9780","-6,48%"
"26/10/2022","2,1150","2,1680","2,2190","2,1150","-2,53%"
"25/10/2022","2,1700","2,2790","2,2910","2,1660","-7,42%"
"24/10/2022","2,3440","2,3500","2,4280","2,2990","-3,82%"
"21/10/2022","2,4370","2,4940","2,5320","2,4140","1,80%"
"20/10/2022","2,3940","2,3750","2,4580","2,3560","1,06%"
"19/10/2022","2,3690","2,2850","2,3810","2,2780","3,99%"
"18/10/2022","2,2780","2,2730","2,3600","2,2170","0,31%"
"17/10/2022","2,2710","2,3440","2,3440","2,2120","-3,81%"
"14/10/2022","2,3610","2,2860","2,3640","2,1370","2,65%"
"13/10/2022","2,3000","2,3280","2,4200","2,2220","-1,96%"
"12/10/2022","2,3460","2,3390","2,4230","2,3010","1,65%"
"11/10/2022","2,3080","2,3290","2,3800","2,2790","-0,82%"
"10/10/2022","2,3270","2,1860","2,3530","2,1360","5,92%"
"07/10/2022","2,1970","2,0860","2,2200","2,0860","5,32%"
"06/10/2022","2,0860","2,0170","2,1180","2,0040","3,42%"
"05/10/2022","2,0170","1,8710","2,0420","1,8640","7,17%"
"04/10/2022","1,8820","1,9140","1,9240","1,7690","-0,63%"
"03/10/2022","1,8940","2,1140","2,1550","1,8840","-10,19%"
"30/09/2022","2,1090","2,2060","2,2090","2,0610","-4,48%"
"29/09/2022","2,2080","2,2330","2,2970","2,1770","2,46%"
"28/09/2022","2,1550","2,2310","2,3520","2,1300","-4,31%"
"27/09/2022","2,2520","2,1420","2,2550","2,0400","7,65%"
"26/09/2022","2,0920","2,0240","2,1320","2,0240","3,00%"
"23/09/2022","2,0310","1,9660","2,1150","1,9090","2,68%"
"22/09/2022","1,9780","1,8880","1,9960","1,8300","4,55%"
"21/09/2022","1,8920","1,9280","1,9280","1,8390","-2,42%"
"20/09/2022","1,9390","1,8040","1,9540","1,8040","8,26%"
"19/09/2022","1,7910","1,7560","1,8180","1,7440","1,47%"
"16/09/2022","1,7650","1,7660","1,8170","1,7470","1,38%"
"15/09/2022","1,7410","1,7160","1,7680","1,7040","2,53%"
"14/09/2022","1,6980","1,7310","1,7790","1,6830","-1,51%"
"13/09/2022","1,7240","1,6550","1,7560","1,6420","4,80%"
"12/09/2022","1,6450","1,6970","1,7550","1,6360","-3,24%"
"09/09/2022","1,7000","1,7410","1,7960","1,6390","-0,70%"
"08/09/2022","1,7120","1,5760","1,7160","1,5430","8,70%"
"07/09/2022","1,5750","1,6450","1,6450","1,5460","-1,87%"
"06/09/2022","1,6050","1,5620","1,6400","1,4850","2,49%"
"05/09/2022","1,5660","1,5220","1,5910","1,4780","3,03%"
"02/09/2022","1,5200","1,5630","1,6090","1,4740","-3,25%"
"01/09/2022","1,5710","1,5400","1,6340","1,5400","2,28%"
"31/08/2022","1,5360","1,4950","1,5840","1,4620","1,72%"
"30/08/2022","1,5100","1,5090","1,5440","1,4380","0,33%"
"29/08/2022","1,5050","1,4950","1,5480","1,4630","7,65%"
"26/08/2022","1,3980","1,3160","1,4350","1,3110","5,19%"
"25/08/2022","1,3290","1,3630","1,3900","1,3170","-2,49%"
"24/08/2022","1,3630","1,3310","1,3900","1,3110","3,18%"
"23/08/2022","1,3210","1,3010","1,3750","1,2490","1,54%"
"22/08/2022","1,3010","1,2250","1,3110","1,1810","5,43%"
"19/08/2022","1,2340","1,1020","1,2420","1,1000","12,39%"
"18/08/2022","1,0980","1,0910","1,1500","1,0660","1,86%"
"17/08/2022","1,0780","0,9670","1,1100","0,9670","10,11%"
"16/08/2022","0,9790","0,8970","1,0050","0,8970","8,42%"
"15/08/2022","0,9030","0,9870","1,0170","0,8860","-8,79%"
"12/08/2022","0,9900","0,9790","1,0250","0,9540","2,38%"
"11/08/2022","0,9670","0,8900","0,9900","0,8520","9,14%"
"10/08/2022","0,8860","0,9180","0,9450","0,8370","-4,01%"
"09/08/2022","0,9230","0,8900","0,9640","0,8710","2,90%"
"08/08/2022","0,8970","0,9260","0,9400","0,8650","-6,66%"
"05/08/2022","0,9610","0,8090","0,9640","0,7880","18,79%"
"04/08/2022","0,8090","0,8690","0,8960","0,7880","-7,44%"
"03/08/2022","0,8740","0,8260","0,9140","0,7850","11,76%"
"02/08/2022","0,7820","0,7800","0,8020","0,6780","2,76%"
"01/08/2022","0,7610","0,8180","0,8850","0,7580","-7,76%"
"29/07/2022","0,8250","0,8280","0,9180","0,8030","3,00%"
"28/07/2022","0,8010","0,9440","1,0030","0,7970","-14,61%"
"27/07/2022","0,9380","0,9460","0,9760","0,9200","1,08%"
"26/07/2022","0,9280","1,0180","1,0330","0,9100","-9,90%"
"25/07/2022","1,0300","1,0310","1,0880","1,0140","0,68%"
"22/07/2022","1,0230","1,2230","1,2250","0,9880","-16,15%"
"21/07/2022","1,2200","1,2410","1,3690","1,1950","-3,17%"
"20/07/2022","1,2600","1,2780","1,2950","1,1860","-1,41%"
"19/07/2022","1,2780","1,1920","1,3080","1,1640","5,27%"
"18/07/2022","1,2140","1,1280","1,2430","1,1150","7,62%"
"15/07/2022","1,1280","1,1290","1,1760","1,0710","-4,33%"
"14/07/2022","1,1790","1,1490","1,2600","1,1300","2,97%"
"13/07/2022","1,1450","1,1310","1,2240","1,1250","0,97%"
"12/07/2022","1,1340","1,2460","1,2500","1,0940","-9,28%"
"11/07/2022","1,2500","1,3270","1,3280","1,2190","-7,13%"
"08/07/2022","1,3460","1,2870","1,3500","1,2480","4,26%"
"07/07/2022","1,2910","1,2320","1,3210","1,2330","11,49%"
"06/07/2022","1,1580","1,1920","1,2420","1,0720","-2,44%"
"05/07/2022","1,1870","1,3380","1,3540","1,1770","-11,22%"
"04/07/2022","1,3370","1,2320","1,3520","1,2320","9,05%"
"01/07/2022","1,2260","1,3410","1,4100","1,1630","-10,38%"
"30/06/2022","1,3680","1,5300","1,5300","1,3480","-9,04%"
"29/06/2022","1,5040","1,6290","1,6420","1,4980","-8,01%"
"28/06/2022","1,6350","1,5490","1,6730","1,5350","5,89%"
"27/06/2022","1,5440","1,4400","1,5720","1,4400","7,41%"
"25/06/2022","1,4375","1,4375","1,4375","1,4375","-0,17%"
"24/06/2022","1,4400","1,4420","1,5080","1,3540","0,91%"
"23/06/2022","1,4270","1,6300","1,6610","1,3900","-11,91%"
"22/06/2022","1,6200","1,7700","1,7700","1,5880","-8,06%"
"21/06/2022","1,7620","1,7440","1,7970","1,7120","1,09%"
"20/06/2022","1,7430","1,6580","1,7430","1,6190","4,43%"
"17/06/2022","1,6690","1,7120","1,7870","1,6160","-2,00%"
"16/06/2022","1,7030","1,6410","1,9260","1,6080","3,09%"
"15/06/2022","1,6520","1,7600","1,7730","1,5850","-5,65%"
"14/06/2022","1,7510","1,6340","1,7510","1,5920","7,62%"
"13/06/2022","1,6270","1,4830","1,6370","1,4780","8,32%"
"10/06/2022","1,5020","1,4370","1,5030","1,3840","4,67%"
"09/06/2022","1,4350","1,3570","1,4700","1,3340","5,90%"
"08/06/2022","1,3550","1,3130","1,3680","1,2990","5,28%"
"07/06/2022","1,2870","1,3390","1,3430","1,2750","-2,65%"
"06/06/2022","1,3220","1,2530","1,3340","1,2480","4,09%"
"03/06/2022","1,2700","1,2360","1,2890","1,2250","2,83%"
"02/06/2022","1,2350","1,1830","1,2480","1,1730","4,57%"
"01/06/2022","1,1810","1,1190","1,1840","1,1050","4,79%"
"31/05/2022","1,1270","1,0550","1,1480","1,0270","7,95%"
"30/05/2022","1,0440","1,0060","1,0720","0,9970","8,41%"
"27/05/2022","0,9630","0,9960","1,0040","0,9320","-3,60%"
"26/05/2022","0,9990","0,9500","1,0100","0,8870","4,61%"
"25/05/2022","0,9550","0,9720","0,9790","0,9080","0,10%"
"24/05/2022","0,9540","1,0190","1,0330","0,9400","-6,47%"
"23/05/2022","1,0200","0,9670","1,0240","0,9300","8,28%"
"20/05/2022","0,9420","0,9810","1,0010","0,9330","0,21%"
"19/05/2022","0,9400","1,0330","1,0440","0,9000","-7,11%"
"18/05/2022","1,0120","1,0510","1,0950","1,0080","-4,17%"
"17/05/2022","1,0560","0,9400","1,0630","0,9360","12,70%"
"16/05/2022","0,9370","0,9450","1,0140","0,9260","-0,16%"
"14/05/2022","0,9385","0,9385","0,9385","0,9385","-0,90%"
"13/05/2022","0,9470","0,8900","0,9630","0,8740","8,98%"
"12/05/2022","0,8690","0,9270","0,9310","0,8460","-13,45%"
"11/05/2022","1,0040","1,0310","1,0920","0,9590","0,10%"
"10/05/2022","1,0030","1,0910","1,1140","0,9880","-7,81%"
"09/05/2022","1,0880","1,1350","1,1890","1,0860","-4,31%"
"06/05/2022","1,1370","1,0370","1,1600","1,0150","8,49%"
"05/05/2022","1,0480","0,9720","1,0490","0,9090","7,16%"
"04/05/2022","0,9780","1,0240","1,0360","0,9690","2,52%"
"03/05/2022","0,9540","0,9560","1,0160","0,9100","-0,93%"
"02/05/2022","0,9630","0,9420","0,9740","0,9040","2,99%"
"29/04/2022","0,9350","0,9010","0,9560","0,8660","4,47%"
"28/04/2022","0,8950","0,8040","0,9150","0,7700","10,49%"
"27/04/2022","0,8100","0,8290","0,8530","0,7790","1,00%"
"26/04/2022","0,8020","0,8820","0,8910","0,7890","-5,42%"
"25/04/2022","0,8480","0,9740","0,9740","0,8410","-11,94%"
"22/04/2022","0,9630","0,9450","0,9730","0,9180","4,11%"
"21/04/2022","0,9250","0,8570","0,9390","0,8570","7,31%"
"20/04/2022","0,8620","0,9220","0,9440","0,8350","-6,10%"
"19/04/2022","0,9180","0,8400","0,9610","0,8400","9,35%"
"18/04/2022","0,8395","0,8425","0,8425","0,8395","0,00%"
"15/04/2022","0,8395","0,8425","0,8425","0,8395","0,06%"
"14/04/2022","0,8390","0,7720","0,8470","0,7510","8,26%"
"13/04/2022","0,7750","0,7980","0,8610","0,7580","-1,90%"
"12/04/2022","0,7900","0,8250","0,8790","0,7670","-2,83%"
"11/04/2022","0,8130","0,7070","0,8220","0,7070","14,51%"
"08/04/2022","0,7100","0,6750","0,7280","0,6550","4,41%"
"07/04/2022","0,6800","0,6510","0,7220","0,6130","4,94%"
"06/04/2022","0,6480","0,6350","0,6840","0,6190","6,23%"
"05/04/2022","0,6100","0,5290","0,6280","0,5160","17,99%"
"04/04/2022","0,5170","0,5810","0,5860","0,4730","-8,66%"
"01/04/2022","0,5660","0,5800","0,6260","0,5580","3,47%"
"31/03/2022","0,5470","0,6650","0,6710","0,5250","-16,87%"
"30/03/2022","0,6580","0,6240","0,7200","0,6130","2,65%"
"29/03/2022","0,6410","0,6050","0,7410","0,5950","10,14%"
"28/03/2022","0,5820","0,6070","0,6310","0,5560","2,11%"
"25/03/2022","0,5700","0,5250","0,5860","0,4930","8,37%"
"24/03/2022","0,5260","0,4660","0,5550","0,4440","9,81%"
"23/03/2022","0,4790","0,5160","0,5230","0,4640","-5,15%"
"22/03/2022","0,5050","0,4780","0,5300","0,4670","10,02%"
"21/03/2022","0,4590","0,3720","0,4650","0,3720","25,07%"
"18/03/2022","0,3670","0,3990","0,4080","0,3370","-5,41%"
"17/03/2022","0,3880","0,4000","0,4100","0,3520","-1,27%"
"16/03/2022","0,3930","0,3310","0,4030","0,3310","18,73%"
"15/03/2022","0,3310","0,3690","0,3700","0,3150","-11,26%"
"14/03/2022","0,3730","0,2720","0,3790","0,2650","38,15%"
"11/03/2022","0,2700","0,2720","0,3160","0,2470","0,00%"
"10/03/2022","0,2700","0,2090","0,3040","0,1510","41,36%"
"09/03/2022","0,1910","0,1120","0,2150","0,0900","78,50%"
"08/03/2022","0,1070","-0,0240","0,1380","-0,0380","-923,08%"
"07/03/2022","-0,0130","-0,0680","0,0001","-0,1010","-87,13%"
"04/03/2022","-0,1010","0,0110","0,0170","-0,1090","-559,09%"
"03/03/2022","0,0220","0,0140","0,0770","-0,0020","120,00%"
"02/03/2022","0,0100","-0,0680","0,0230","-0,0800","-114,49%"
"01/03/2022","-0,0690","0,1320","0,1430","-0,0720","-143,40%"
"28/02/2022","0,1590","0,1670","0,2130","0,1530","-29,02%"
"25/02/2022","0,2240","0,1700","0,2350","0,1450","30,99%"
"24/02/2022","0,1710","0,2230","0,2230","0,1110","-24,00%"
"23/02/2022","0,2250","0,2330","0,2660","0,2160","-7,41%"
"22/02/2022","0,2430","0,1460","0,2800","0,1460","21,50%"
"21/02/2022","0,2000","0,2010","0,2370","0,1740","-2,44%"
"18/02/2022","0,2050","0,2320","0,2480","0,1960","-12,02%"
"17/02/2022","0,2330","0,2540","0,2790","0,2260","-14,34%"
"16/02/2022","0,2720","0,3140","0,3310","0,2590","-12,54%"
"15/02/2022","0,3110","0,2580","0,3260","0,2520","13,92%"
"14/02/2022","0,2730","0,2400","0,2740","0,1900","-6,51%"
"11/02/2022","0,2920","0,2990","0,3010","0,2490","0,00%"
"10/02/2022","0,2920","0,2300","0,2950","0,2120","32,73%"
"09/02/2022","0,2200","0,2650","0,2670","0,2090","-16,67%"
"08/02/2022","0,2640","0,2430","0,2750","0,2030","17,86%"
"07/02/2022","0,2240","0,1870","0,2500","0,1830","7,69%"
"04/02/2022","0,2080","0,1420","0,2290","0,1410","34,19%"
"03/02/2022","0,1550","0,0350","0,1590","0,0320","342,86%"
"02/02/2022","0,0350","0,0290","0,0580","0,0090","-5,41%"
"01/02/2022","0,0370","0,0110","0,0440","-0,0150","164,29%"
"31/01/2022","0,0140","-0,0320","0,0320","-0,0400","-129,79%"
"28/01/2022","-0,0470","-0,0490","-0,0080","-0,0570","-17,54%"
"27/01/2022","-0,0570","-0,0600","-0,0230","-0,0600","-19,72%"
"26/01/2022","-0,0710","-0,0780","-0,0620","-0,0820","-12,35%"
"25/01/2022","-0,0810","-0,1070","-0,0660","-0,1070","-17,35%"
"24/01/2022","-0,0980","-0,0650","-0,0600","-0,1100","46,27%"
"22/01/2022","-0,0670","-0,0670","-0,0670","-0,0670","11,67%"
"21/01/2022","-0,0600","-0,0340","-0,0340","-0,0870","122,22%"
"20/01/2022","-0,0270","0,0030","0,0080","-0,0410","200,00%"
"19/01/2022","-0,0090","0,0040","0,0250","-0,0130","-50,00%"
"18/01/2022","-0,0180","-0,0160","-0,0020","-0,0310","-30,77%"
"17/01/2022","-0,0260","-0,0460","-0,0200","-0,0460","-46,94%"
"14/01/2022","-0,0490","-0,0880","-0,0470","-0,1050","-43,02%"
"13/01/2022","-0,0860","-0,0470","-0,0340","-0,0990","50,88%"
"12/01/2022","-0,0570","-0,0380","-0,0260","-0,0770","78,12%"
"11/01/2022","-0,0320","-0,0400","-0,0140","-0,0550","-11,11%"
"10/01/2022","-0,0360","-0,0380","-0,0250","-0,0560","24,14%"
"07/01/2022","-0,0290","-0,0570","-0,0290","-0,0670","-57,35%"
"06/01/2022","-0,0680","-0,0650","-0,0310","-0,0720","-45,16%"
"05/01/2022","-0,1240","-0,1220","-0,1140","-0,1380","-3,13%"
"04/01/2022","-0,1280","-0,1200","-0,1160","-0,1550","3,23%"
"03/01/2022","-0,1240","-0,1770","-0,1230","-0,1850","-30,73%"
"31/12/2021","-0,1790","-0,1790","-0,1790","-0,1790","1,70%"
"30/12/2021","-0,1760","-0,1800","-0,1710","-0,2050","-2,22%"
"29/12/2021","-0,1800","-0,2400","-0,1790","-0,2440","-24,69%"
"28/12/2021","-0,2390","-0,2410","-0,2210","-0,2490","-2,05%"
"27/12/2021","-0,2440","-0,2540","-0,2220","-0,2570","-2,79%"
"24/12/2021","-0,2510","-0,2510","-0,2510","-0,2510","-0,40%"
"23/12/2021","-0,2520","-0,2850","-0,2350","-0,2930","-13,99%"
"22/12/2021","-0,2930","-0,3100","-0,2680","-0,3140","-3,30%"
"21/12/2021","-0,3030","-0,3690","-0,2990","-0,3730","-17,21%"
"20/12/2021","-0,3660","-0,3780","-0,3520","-0,4020","-2,40%"
"17/12/2021","-0,3750","-0,3510","-0,3470","-0,3860","8,38%"
"16/12/2021","-0,3460","-0,3620","-0,3090","-0,3710","-4,42%"
"15/12/2021","-0,3620","-0,3680","-0,3430","-0,3770","-0,28%"
"14/12/2021","-0,3630","-0,3800","-0,3500","-0,3840","-4,47%"
"13/12/2021","-0,3800","-0,3450","-0,3390","-0,3850","8,57%"
"10/12/2021","-0,3500","-0,3550","-0,3280","-0,3590","-0,28%"
"09/12/2021","-0,3510","-0,3170","-0,3130","-0,3640","13,59%"
"08/12/2021","-0,3090","-0,3720","-0,3060","-0,4090","-17,60%"
"07/12/2021","-0,3750","-0,3560","-0,3480","-0,3840","-3,10%"
"06/12/2021","-0,3870","-0,3900","-0,3660","-0,3940","2,38%"
"03/12/2021","-0,3780","-0,3730","-0,3510","-0,3870","1,34%"
"02/12/2021","-0,3730","-0,3460","-0,3330","-0,3940","12,69%"
"01/12/2021","-0,3310","-0,3490","-0,2990","-0,3500","-3,50%"
"30/11/2021","-0,3430","-0,3170","-0,3170","-0,3630","6,19%"
"29/11/2021","-0,3230","-0,3360","-0,2940","-0,3410","-5,42%"
"27/11/2021","-0,3415","-0,3415","-0,3415","-0,3415","1,04%"
"26/11/2021","-0,3380","-0,2490","-0,2490","-0,3430","37,40%"
"25/11/2021","-0,2460","-0,2260","-0,2190","-0,2500","12,33%"
"24/11/2021","-0,2190","-0,2500","-0,1990","-0,2500","-3,95%"
"23/11/2021","-0,2280","-0,2990","-0,2250","-0,2990","-22,97%"
"22/11/2021","-0,2960","-0,3420","-0,2950","-0,3560","-13,95%"
"20/11/2021","-0,3440","-0,3440","-0,3440","-0,3440","0,88%"
"19/11/2021","-0,3410","-0,2750","-0,2520","-0,3440","21,79%"
"18/11/2021","-0,2800","-0,2460","-0,2450","-0,2820","14,75%"
"17/11/2021","-0,2440","-0,2400","-0,2290","-0,2560","0,00%"
"16/11/2021","-0,2440","-0,2330","-0,2190","-0,2520","-0,41%"
"15/11/2021","-0,2450","-0,2630","-0,2370","-0,2900","-4,30%"
"12/11/2021","-0,2560","-0,2320","-0,2170","-0,2690","13,27%"
"11/11/2021","-0,2260","-0,2480","-0,2170","-0,2600","-8,87%"
"10/11/2021","-0,2480","-0,2970","-0,2430","-0,2980","-16,22%"
"09/11/2021","-0,2960","-0,2530","-0,2400","-0,2990","19,84%"
"08/11/2021","-0,2470","-0,2770","-0,2440","-0,2820","-11,79%"
"05/11/2021","-0,2800","-0,2200","-0,2160","-0,2850","24,44%"
"04/11/2021","-0,2250","-0,1650","-0,1560","-0,2310","34,73%"
"03/11/2021","-0,1670","-0,1620","-0,1500","-0,1940","4,37%"
"02/11/2021","-0,1600","-0,1040","-0,1040","-0,1710","55,34%"
"01/11/2021","-0,1030","-0,1100","-0,0650","-0,1190","-3,29%"
"30/10/2021","-0,1065","-0,1065","-0,1065","-0,1065","13,30%"
"29/10/2021","-0,0940","-0,1100","-0,0640","-0,1270","-37,33%"
"28/10/2021","-0,1500","-0,1770","-0,1000","-0,1820","-14,77%"
"27/10/2021","-0,1760","-0,1200","-0,1160","-0,1840","46,67%"
"26/10/2021","-0,1200","-0,1060","-0,1020","-0,1410","7,14%"
"25/10/2021","-0,1120","-0,1090","-0,0780","-0,1210","8,21%"
"23/10/2021","-0,1035","-0,1035","-0,1035","-0,1035","6,70%"
"22/10/2021","-0,0970","-0,0900","-0,0690","-0,1070","0,00%"
"21/10/2021","-0,0970","-0,1170","-0,0850","-0,1290","-21,14%"
"20/10/2021","-0,1230","-0,0940","-0,0920","-0,1340","7,89%"
"19/10/2021","-0,1140","-0,1470","-0,0960","-0,1730","-22,97%"
"18/10/2021","-0,1480","-0,1670","-0,1160","-0,1690","-13,45%"
"15/10/2021","-0,1710","-0,1830","-0,1460","-0,1900","-7,07%"
"14/10/2021","-0,1840","-0,1230","-0,1090","-0,1920","42,64%"
"13/10/2021","-0,1290","-0,0910","-0,0850","-0,1460","34,37%"
"12/10/2021","-0,0960","-0,1220","-0,0880","-0,1360","-19,33%"
"11/10/2021","-0,1190","-0,1470","-0,1080","-0,1470","-19,05%"
"08/10/2021","-0,1470","-0,1840","-0,1460","-0,1850","-21,39%"
"07/10/2021","-0,1870","-0,1700","-0,1660","-0,2080","2,75%"
"06/10/2021","-0,1820","-0,1590","-0,1470","-0,2010","-3,19%"
"05/10/2021","-0,1880","-0,2100","-0,1810","-0,2330","-13,36%"
"04/10/2021","-0,2170","-0,2240","-0,2010","-0,2360","-0,91%"
"01/10/2021","-0,2190","-0,1970","-0,1970","-0,2430","14,66%"
"30/09/2021","-0,1910","-0,2090","-0,1770","-0,2210","-10,33%"
"29/09/2021","-0,2130","-0,1880","-0,1830","-0,2270","7,58%"
"28/09/2021","-0,1980","-0,2010","-0,1720","-0,2110","-12,39%"
"27/09/2021","-0,2260","-0,2410","-0,1910","-0,2420","-1,09%"
"25/09/2021","-0,2285","-0,2290","-0,2285","-0,2290","0,22%"
"24/09/2021","-0,2280","-0,2440","-0,2180","-0,2490","-9,52%"
"23/09/2021","-0,2520","-0,3230","-0,2490","-0,3230","-22,70%"
"22/09/2021","-0,3260","-0,3130","-0,3040","-0,3320","-0,61%"
"21/09/2021","-0,3280","-0,3140","-0,2950","-0,3400","4,13%"
"20/09/2021","-0,3150","-0,2880","-0,2760","-0,3330","11,90%"
"18/09/2021","-0,2815","-0,2815","-0,2815","-0,2815","0,90%"
"17/09/2021","-0,2790","-0,2940","-0,2650","-0,3020","-8,52%"
"16/09/2021","-0,3050","-0,3090","-0,2830","-0,3160","-0,97%"
"15/09/2021","-0,3080","-0,3370","-0,3070","-0,3500","-9,41%"
"14/09/2021","-0,3400","-0,3260","-0,3010","-0,3530","3,66%"
"13/09/2021","-0,3280","-0,3330","-0,3200","-0,3460","-0,91%"
"12/09/2021","-0,3310","-0,3310","-0,3310","-0,3310","0,00%"
"11/09/2021","-0,3310","-0,3310","-0,3310","-0,3310","-0,30%"
"10/09/2021","-0,3320","-0,3640","-0,3310","-0,3700","-8,79%"
"09/09/2021","-0,3640","-0,3270","-0,3190","-0,3680","13,75%"
"08/09/2021","-0,3200","-0,3180","-0,3100","-0,3450","0,95%"
"07/09/2021","-0,3170","-0,3580","-0,3130","-0,3640","-13,86%"
"06/09/2021","-0,3680","-0,3640","-0,3470","-0,3770","2,79%"
"03/09/2021","-0,3580","-0,3840","-0,3470","-0,3980","-6,77%"
"02/09/2021","-0,3840","-0,3730","-0,3710","-0,4010","3,50%"
"01/09/2021","-0,3710","-0,3730","-0,3540","-0,3860","-2,37%"
"31/08/2021","-0,3800","-0,4330","-0,3760","-0,4420","-13,44%"
"30/08/2021","-0,4390","-0,4270","-0,4070","-0,4410","4,77%"
"27/08/2021","-0,4190","-0,4130","-0,4020","-0,4250","0,48%"
"26/08/2021","-0,4170","-0,4210","-0,4010","-0,4310","0,00%"
"25/08/2021","-0,4170","-0,4720","-0,4150","-0,4780","-12,58%"
"24/08/2021","-0,4770","-0,4710","-0,4640","-0,4890","-0,21%"
"23/08/2021","-0,4780","-0,4820","-0,4570","-0,4960","-3,43%"
"20/08/2021","-0,4950","-0,4890","-0,4850","-0,4990","1,23%"
"19/08/2021","-0,4890","-0,4920","-0,4750","-0,5020","1,45%"
"18/08/2021","-0,4820","-0,4700","-0,4690","-0,4900","3,21%"
"17/08/2021","-0,4670","-0,4740","-0,4650","-0,5010","0,21%"
"16/08/2021","-0,4660","-0,4670","-0,4520","-0,4890","0,65%"
"13/08/2021","-0,4630","-0,4550","-0,4400","-0,4720","0,43%"
"12/08/2021","-0,4610","-0,4610","-0,4430","-0,4680","0,22%"
"11/08/2021","-0,4600","-0,4530","-0,4350","-0,4650","1,32%"
"10/08/2021","-0,4540","-0,4630","-0,4470","-0,4820","-1,09%"
"09/08/2021","-0,4590","-0,4630","-0,4500","-0,4800","0,88%"
"06/08/2021","-0,4550","-0,4960","-0,4510","-0,4980","-7,71%"
"05/08/2021","-0,4930","-0,4920","-0,4890","-0,5240","0,00%"
"04/08/2021","-0,4930","-0,4850","-0,4750","-0,5170","2,49%"
"03/08/2021","-0,4810","-0,4760","-0,4640","-0,4930","0,00%"
"02/08/2021","-0,4810","-0,4590","-0,4440","-0,4810","5,02%"
"30/07/2021","-0,4580","-0,4600","-0,4400","-0,4610","1,55%"
"29/07/2021","-0,4510","-0,4490","-0,4240","-0,4650","0,89%"
"28/07/2021","-0,4470","-0,4430","-0,4360","-0,4560","1,36%"
"27/07/2021","-0,4410","-0,4210","-0,4150","-0,4440","6,52%"
"26/07/2021","-0,4140","-0,4240","-0,4000","-0,4490","0,24%"
"23/07/2021","-0,4130","-0,4260","-0,3960","-0,4260","-1,90%"
"22/07/2021","-0,4210","-0,4020","-0,3750","-0,4230","6,31%"
"21/07/2021","-0,3960","-0,4170","-0,3860","-0,4300","-3,41%"
"20/07/2021","-0,4100","-0,3920","-0,3850","-0,4400","5,94%"
"19/07/2021","-0,3870","-0,3510","-0,3510","-0,4020","10,26%"
"16/07/2021","-0,3510","-0,3340","-0,3320","-0,3540","6,04%"
"15/07/2021","-0,3310","-0,3280","-0,3190","-0,3420","6,09%"
"14/07/2021","-0,3120","-0,2930","-0,2730","-0,3180","4,35%"
"13/07/2021","-0,2990","-0,2940","-0,2880","-0,3140","-0,66%"
"12/07/2021","-0,3010","-0,2920","-0,2900","-0,3160","3,08%"
"09/07/2021","-0,2920","-0,3030","-0,2870","-0,3170","-6,71%"
"08/07/2021","-0,3130","-0,3090","-0,2980","-0,3440","8,30%"
"07/07/2021","-0,2890","-0,2660","-0,2590","-0,3130","7,43%"
"06/07/2021","-0,2690","-0,2100","-0,1980","-0,2730","29,33%"
"05/07/2021","-0,2080","-0,2350","-0,2070","-0,2350","-12,42%"
"04/07/2021","-0,2375","-0,2375","-0,2375","-0,2375","1,06%"
"02/07/2021","-0,2350","-0,2030","-0,1990","-0,2410","17,50%"
"01/07/2021","-0,2000","-0,1980","-0,1790","-0,2100","-1,48%"
"30/06/2021","-0,2030","-0,1690","-0,1670","-0,2140","17,34%"
"29/06/2021","-0,1730","-0,1900","-0,1600","-0,1900","-6,99%"
"28/06/2021","-0,1860","-0,1540","-0,1530","-0,1870","18,85%"
"26/06/2021","-0,1565","-0,1565","-0,1565","-0,1565","0,32%"
"25/06/2021","-0,1560","-0,1870","-0,1490","-0,1880","-16,13%"
"24/06/2021","-0,1860","-0,1800","-0,1590","-0,1920","3,91%"
"23/06/2021","-0,1790","-0,1630","-0,1530","-0,1950","11,18%"
"22/06/2021","-0,1610","-0,1690","-0,1460","-0,1800","-6,94%"
"21/06/2021","-0,1730","-0,2000","-0,1600","-0,2190","-14,36%"
"20/06/2021","-0,2020","-0,2020","-0,2020","-0,2020","0,00%"
"19/06/2021","-0,2020","-0,2020","-0,2020","-0,2020","-0,49%"
"18/06/2021","-0,2030","-0,1950","-0,1860","-0,2220","6,84%"
"17/06/2021","-0,1900","-0,2000","-0,1490","-0,2000","-22,76%"
"16/06/2021","-0,2460","-0,2310","-0,2300","-0,2490","6,96%"
"15/06/2021","-0,2300","-0,2540","-0,2280","-0,2640","-9,45%"
"14/06/2021","-0,2540","-0,2720","-0,2510","-0,2790","-5,58%"
"11/06/2021","-0,2690","-0,2570","-0,2550","-0,2870","8,91%"
"10/06/2021","-0,2470","-0,2420","-0,2130","-0,2570","0,00%"
"09/06/2021","-0,2470","-0,2220","-0,2190","-0,2680","10,76%"
"08/06/2021","-0,2230","-0,2000","-0,1950","-0,2340","13,20%"
"07/06/2021","-0,1970","-0,2090","-0,1930","-0,2140","-7,08%"
"05/06/2021","-0,2120","-0,2120","-0,2120","-0,2120","1,44%"
"04/06/2021","-0,2090","-0,1830","-0,1770","-0,2170","14,21%"
"03/06/2021","-0,1830","-0,1940","-0,1740","-0,2000","-6,63%"
"02/06/2021","-0,1960","-0,1770","-0,1770","-0,2000","12,00%"
"01/06/2021","-0,1750","-0,1770","-0,1620","-0,1970","-4,37%"
"31/05/2021","-0,1830","-0,1810","-0,1500","-0,1850","-0,54%"
"28/05/2021","-0,1840","-0,1700","-0,1530","-0,1920","6,98%"
"27/05/2021","-0,1720","-0,2060","-0,1630","-0,2120","-15,27%"
"26/05/2021","-0,2030","-0,1680","-0,1660","-0,2130","23,78%"
"25/05/2021","-0,1640","-0,1450","-0,1380","-0,1680","17,14%"
"24/05/2021","-0,1400","-0,1280","-0,1190","-0,1460","10,24%"
"21/05/2021","-0,1270","-0,1070","-0,1030","-0,1400","18,69%"
"20/05/2021","-0,1070","-0,1080","-0,0830","-0,1090","-2,73%"
"19/05/2021","-0,1100","-0,1090","-0,0740","-0,1270","0,00%"
"18/05/2021","-0,1100","-0,1080","-0,1020","-0,1320","-5,17%"
"17/05/2021","-0,1160","-0,1380","-0,1000","-0,1520","-5,69%"
"14/05/2021","-0,1230","-0,1250","-0,1080","-0,1370","8,85%"
"13/05/2021","-0,1130","-0,1170","-0,0960","-0,1300","-9,60%"
"12/05/2021","-0,1250","-0,1540","-0,1190","-0,1780","-21,87%"
"11/05/2021","-0,1600","-0,2090","-0,1520","-0,2110","-24,17%"
"10/05/2021","-0,2110","-0,2030","-0,1920","-0,2170","-3,65%"
"07/05/2021","-0,2190","-0,2270","-0,2090","-0,2590","-4,78%"
"06/05/2021","-0,2300","-0,2350","-0,2090","-0,2520","-0,43%"
"05/05/2021","-0,2310","-0,2360","-0,2100","-0,2380","-2,94%"
"04/05/2021","-0,2380","-0,2030","-0,1900","-0,2510","17,24%"
"03/05/2021","-0,2030","-0,2010","-0,1620","-0,2210","1,50%"
"30/04/2021","-0,2000","-0,1950","-0,1890","-0,2120","4,17%"
"29/04/2021","-0,1920","-0,2300","-0,1770","-0,2330","-16,88%"
"28/04/2021","-0,2310","-0,2380","-0,2030","-0,2440","-8,33%"
"27/04/2021","-0,2520","-0,2510","-0,2430","-0,2620","-1,18%"
"26/04/2021","-0,2550","-0,2500","-0,2310","-0,2640","-0,78%"
"23/04/2021","-0,2570","-0,2670","-0,2470","-0,2760","0,78%"
"22/04/2021","-0,2550","-0,2830","-0,2380","-0,2870","-1,54%"
"21/04/2021","-0,2590","-0,2600","-0,2430","-0,2770","0,78%"
"20/04/2021","-0,2570","-0,2170","-0,2150","-0,2590","8,90%"
"19/04/2021","-0,2360","-0,2690","-0,2160","-0,2760","-9,92%"
"16/04/2021","-0,2620","-0,2890","-0,2590","-0,2930","-10,58%"
"15/04/2021","-0,2930","-0,2580","-0,2490","-0,2950","11,41%"
"14/04/2021","-0,2630","-0,3100","-0,2600","-0,3120","-9,00%"
"13/04/2021","-0,2890","-0,2860","-0,2710","-0,3020","-1,37%"
"12/04/2021","-0,2930","-0,3010","-0,2880","-0,3300","-1,35%"
"09/04/2021","-0,2970","-0,3320","-0,2830","-0,3350","-11,08%"
"08/04/2021","-0,3340","-0,3170","-0,3170","-0,3470","5,03%"
"07/04/2021","-0,3180","-0,3170","-0,3140","-0,3430","0,95%"
"06/04/2021","-0,3150","-0,3220","-0,2940","-0,3330","-4,11%"
"05/04/2021","-0,3285","-0,3270","-0,3270","-0,3285","0,00%"
"02/04/2021","-0,3285","-0,3270","-0,3260","-0,3285","1,08%"
"01/04/2021","-0,3250","-0,2890","-0,2860","-0,3310","11,30%"
"31/03/2021","-0,2920","-0,2810","-0,2670","-0,3020","5,42%"
"30/03/2021","-0,2770","-0,2940","-0,2580","-0,3020","-13,44%"
"29/03/2021","-0,3200","-0,3530","-0,3150","-0,3700","-8,31%"
"26/03/2021","-0,3490","-0,3820","-0,3370","-0,3850","-9,35%"
"25/03/2021","-0,3850","-0,3520","-0,3520","-0,3900","8,15%"
"24/03/2021","-0,3560","-0,3580","-0,3390","-0,3750","4,09%"
"23/03/2021","-0,3420","-0,3190","-0,3110","-0,3570","10,32%"
"22/03/2021","-0,3100","-0,2940","-0,2940","-0,3330","5,44%"
"19/03/2021","-0,2940","-0,2870","-0,2780","-0,3100","10,94%"
"18/03/2021","-0,2650","-0,2970","-0,2490","-0,3020","-9,56%"
"17/03/2021","-0,2930","-0,3310","-0,2850","-0,3390","-13,57%"
"16/03/2021","-0,3390","-0,3420","-0,3280","-0,3510","0,59%"
"15/03/2021","-0,3370","-0,3060","-0,3000","-0,3460","14,24%"
"12/03/2021","-0,2950","-0,3180","-0,2910","-0,3240","-10,88%"
"11/03/2021","-0,3310","-0,3150","-0,3080","-0,3670","6,43%"
"10/03/2021","-0,3110","-0,3000","-0,2910","-0,3220","2,64%"
"09/03/2021","-0,3030","-0,2770","-0,2770","-0,3340","8,21%"
"08/03/2021","-0,2800","-0,3010","-0,2730","-0,3020","-7,89%"
"05/03/2021","-0,3040","-0,3120","-0,2730","-0,3130","-2,25%"
"04/03/2021","-0,3110","-0,2930","-0,2860","-0,3300","4,71%"
"03/03/2021","-0,2970","-0,3550","-0,2800","-0,3610","-14,66%"
"02/03/2021","-0,3480","-0,3350","-0,3060","-0,3520","4,50%"
"01/03/2021","-0,3330","-0,2960","-0,2790","-0,3460","29,57%"
"26/02/2021","-0,2570","-0,2210","-0,2030","-0,2870","13,22%"
"25/02/2021","-0,2270","-0,2950","-0,2140","-0,3040","-25,33%"
"24/02/2021","-0,3040","-0,3280","-0,2740","-0,3340","-4,70%"
"23/02/2021","-0,3190","-0,3370","-0,2870","-0,3390","-7,80%"
"22/02/2021","-0,3460","-0,2840","-0,2780","-0,3620","10,54%"
"19/02/2021","-0,3130","-0,3220","-0,3060","-0,3380","-8,48%"
"18/02/2021","-0,3420","-0,3660","-0,3230","-0,3720","-5,79%"
"17/02/2021","-0,3630","-0,3420","-0,3290","-0,3730","4,01%"
"16/02/2021","-0,3490","-0,3880","-0,3460","-0,3980","-9,11%"
"15/02/2021","-0,3840","-0,3960","-0,3760","-0,4020","-10,70%"
"12/02/2021","-0,4300","-0,4570","-0,4210","-0,4670","-6,11%"
"11/02/2021","-0,4580","-0,4350","-0,4350","-0,4740","4,57%"
"10/02/2021","-0,4380","-0,4420","-0,4270","-0,4590","-2,23%"
"09/02/2021","-0,4480","-0,4390","-0,4280","-0,4580","1,13%"
"08/02/2021","-0,4430","-0,4270","-0,4120","-0,4460","0,00%"
"05/02/2021","-0,4430","-0,4600","-0,4130","-0,4680","-2,85%"
"04/02/2021","-0,4560","-0,4630","-0,4420","-0,4740","-2,36%"
"03/02/2021","-0,4670","-0,4750","-0,4620","-0,4860","-4,30%"
"02/02/2021","-0,4880","-0,5070","-0,4770","-0,5160","-4,87%"
"01/02/2021","-0,5130","-0,5190","-0,4980","-0,5270","-1,35%"
"29/01/2021","-0,5200","-0,5360","-0,4920","-0,5400","-4,06%"
"28/01/2021","-0,5420","-0,5510","-0,5340","-0,5600","-1,28%"
"27/01/2021","-0,5490","-0,5300","-0,5230","-0,5670","3,39%"
"26/01/2021","-0,5310","-0,5560","-0,5250","-0,5610","-3,45%"
"25/01/2021","-0,5500","-0,5120","-0,5080","-0,5550","7,21%"
"22/01/2021","-0,5130","-0,4920","-0,4860","-0,5200","3,01%"
"21/01/2021","-0,4980","-0,5330","-0,4860","-0,5370","-5,86%"
"20/01/2021","-0,5290","-0,5220","-0,5170","-0,5330","0,38%"
"19/01/2021","-0,5270","-0,5190","-0,5080","-0,5290","0,38%"
"18/01/2021","-0,5250","-0,5450","-0,5150","-0,5520","-3,14%"
"15/01/2021","-0,5420","-0,5540","-0,5290","-0,5600","-1,09%"
"14/01/2021","-0,5480","-0,5250","-0,5210","-0,5620","4,58%"
"13/01/2021","-0,5240","-0,4850","-0,4810","-0,5270","11,73%"
"12/01/2021","-0,4690","-0,4880","-0,4590","-0,4960","-4,48%"
"11/01/2021","-0,4910","-0,5260","-0,4900","-0,5350","-5,03%"
"08/01/2021","-0,5170","-0,5120","-0,5100","-0,5330","-5,31%"
"07/01/2021","-0,5460","-0,5460","-0,5360","-0,5740","0,00%"
"06/01/2021","-0,5460","-0,5380","-0,5300","-0,5650","-6,51%"
"05/01/2021","-0,5840","-0,6010","-0,5760","-0,6070","-2,50%"
"04/01/2021","-0,5990","-0,5700","-0,5600","-0,6150","4,72%"
"01/01/2021","-0,5720","-0,5720","-0,5720","-0,5720","-0,52%"
"31/12/2020","-0,5750","-0,5750","-0,5680","-0,5750","0,88%"
"30/12/2020","-0,5700","-0,5760","-0,5450","-0,5820","-1,04%"
"29/12/2020","-0,5760","-0,5680","-0,5600","-0,5800","2,31%"
"28/12/2020","-0,5630","-0,5410","-0,5390","-0,5640","2,55%"
"24/12/2020","-0,5490","-0,5480","-0,5480","-0,5490","1,10%"
"23/12/2020","-0,5430","-0,5980","-0,5310","-0,6060","-8,12%"
"22/12/2020","-0,5910","-0,5860","-0,5670","-0,6000","1,72%"
"21/12/2020","-0,5810","-0,5990","-0,5760","-0,6200","1,57%"
"18/12/2020","-0,5720","-0,5810","-0,5450","-0,5830","-0,87%"
"17/12/2020","-0,5770","-0,5620","-0,5480","-0,5930","1,58%"
"16/12/2020","-0,5680","-0,6100","-0,5460","-0,6130","-6,89%"
"15/12/2020","-0,6100","-0,6180","-0,6020","-0,6300","-1,29%"
"14/12/2020","-0,6180","-0,6160","-0,5990","-0,6350","-3,13%"
"11/12/2020","-0,6380","-0,6060","-0,6010","-0,6430","5,98%"
"10/12/2020","-0,6020","-0,6130","-0,5790","-0,6310","-0,50%"
"09/12/2020","-0,6050","-0,5940","-0,5840","-0,6100","-1,31%"
"08/12/2020","-0,6130","-0,5800","-0,5760","-0,6170","4,79%"
"07/12/2020","-0,5850","-0,5560","-0,5470","-0,5870","7,73%"
"04/12/2020","-0,5430","-0,5570","-0,5350","-0,5660","-0,91%"
"03/12/2020","-0,5480","-0,5280","-0,5170","-0,5520","5,18%"
"02/12/2020","-0,5210","-0,5180","-0,5050","-0,5320","-0,57%"
"01/12/2020","-0,5240","-0,5720","-0,5160","-0,5820","-8,23%"