,Epsilon
2023-01-02,0.005802767653139251
2023-01-03,0.01572105535895907
2023-01-04,-0.03995957910157821
2023-01-05,0.02773813975459405
2023-01-06,-0.007643537030132763
2023-01-09,0.002331104970420106
2023-01-10,-0.008478627057351917
2023-01-11,-0.009523189454069991
2023-01-12,0.005140564555569771
2023-01-13,0.003822332376175408
2023-01-16,0.0007497355717643872
2023-01-17,-0.016295776047178467
2023-01-18,-0.010506074991694148
2023-01-19,-0.006684765334165732
2023-01-20,0.01543224046100583
2023-01-23,0.00026767366226820855
2023-01-24,-0.028222202008899577
2023-01-25,0.006927831744879653
2023-01-26,0.017419429296353373
2023-01-27,0.0018793413222816246
2023-01-30,-0.000879043686212666
2023-01-31,-0.007751630177309565
2023-02-01,-0.00954816627309929
2023-02-02,-0.015080277057935298
2023-02-03,-0.016901289726391766
2023-02-06,-0.003581052972401799
2023-02-07,0.008405783471179817
2023-02-08,-0.02831272720446454
2023-02-09,0.00820796288651493
2023-02-10,0.0018387242969273854
2023-02-13,-0.001996939212087656
2023-02-14,0.005741756046929225
2023-02-15,-0.00509039638377734
2023-02-16,-0.0006137894125201049
2023-02-17,-0.010036225797783793
2023-02-20,-0.004029234099819423
2023-02-21,0.008584680298685698
2023-02-22,0.003988769209017418
2023-02-23,-0.018515277882661774
2023-02-24,0.003173945040263082
2023-02-27,-0.004746935271778274
2023-02-28,0.0068760577336194895
2023-03-01,0.003023704182438469
2023-03-02,-0.003095820243452563
2023-03-03,0.002151198944541133
2023-03-06,-0.003058381173749236
2023-03-07,-0.01847306835443796
2023-03-08,-0.0018238522834237436
2023-03-09,0.001968764217764263
2023-03-10,0.012856206810077375
2023-03-13,-0.0010073586244917498
2023-03-14,-0.05323345012547065
2023-03-15,0.054581488362901553
2023-03-16,-0.015920964528981285
2023-03-17,-0.024188326907522373
2023-03-20,-0.004047527834123876
2023-03-21,-0.03269958941379136
2023-03-22,-0.012901842750669745
2023-03-23,0.0016673592897359368
2023-03-24,0.006319862407670351
2023-03-27,-0.003097671802149593
2023-03-28,0.0038970428654988565
2023-03-29,-0.01622824384649646
2023-03-30,0.008434214426437547
2023-03-31,-0.027977544865899873
2023-04-03,-0.0011404362840554683
2023-04-04,-0.001904508762512247
2023-04-05,0.0003561000627706479
2023-04-06,0.019671650995930157
2023-04-11,0.006854303960942554
2023-04-12,0.020294882956724658
2023-04-13,-0.011494224577742185
2023-04-14,-0.007613281261841909
2023-04-17,-0.026970829907957072
2023-04-18,0.015869058613063147
2023-04-19,-0.005764178432109968
2023-04-20,-0.005624961924170835
2023-04-21,-0.0038768986155681695
2023-04-24,0.06641821807617543
2023-04-25,-0.024603036838827474
2023-04-26,0.0027295963269557966
2023-04-27,-0.008550662902035766
2023-04-28,-0.015372485169720118
2023-05-02,0.027434257205524504
2023-05-03,-0.02919262409514145
2023-05-04,0.008662223384007461
2023-05-05,-0.025364583131714524
2023-05-08,-0.006010794752177473
2023-05-09,0.005551358503485648
2023-05-10,-0.025724795633955688
2023-05-11,-0.005381152699587721
2023-05-12,0.0021269655738170856
2023-05-15,-0.013326028840889181
2023-05-16,0.01891748524983916
2023-05-17,-0.017844524846182375
2023-05-18,0.04098397283261146
2023-05-19,-0.04545466404367049
2023-05-22,-0.0014628681565056478
2023-05-23,-0.006220387915142234
2023-05-24,0.0034525957575239907
2023-05-25,0.021912234800195773
2023-05-26,-0.03525180004263717
2023-05-29,-0.00037066583466460745
2023-05-30,-0.012409392436896094
2023-05-31,0.019113025507341952
2023-06-01,-0.007066225299557027
2023-06-02,-0.009387543066259108
2023-06-05,5.856604230902729e-05
2023-06-06,0.008408394330413738
2023-06-07,0.005530635337479106
2023-06-08,-0.013273603727315453
2023-06-09,0.0037638304764269215
2023-06-12,-0.000664262103102442
2023-06-13,-0.002400178899740868
2023-06-14,0.002001657603730611
2023-06-15,-0.012608855715292022
2023-06-16,-0.00913414185448691
2023-06-19,-0.0014399481565201544
2023-06-20,0.004775827496856677
2023-06-21,0.004424329967709806
2023-06-22,0.00012455336092032088
2023-06-23,-0.009070918497982694
2023-06-26,-0.0020629806927766614
2023-06-27,-0.017327681638513726
2023-06-28,0.010241133626764931
2023-06-29,0.004890175616087067
2023-06-30,0.009713519071123056
2023-07-03,-0.0010733284067253601
2023-07-04,-0.00039952906947537947
2023-07-05,-0.006015969521703801
2023-07-06,0.012930882281720235
2023-07-07,-0.009644926012561172
2023-07-10,0.011380648390937886
2023-07-11,-0.006056245484514555
2023-07-12,-0.01497599631076374
2023-07-13,0.0030562578703881016
2023-07-14,0.003295271200375538
2023-07-17,0.0008722257354591978
2023-07-18,0.005121674470916604
2023-07-19,0.0055702720378667525
2023-07-20,0.0019330971019833054
2023-07-21,-0.004464883139883469
2023-07-24,0.0014246543158915603
2023-07-25,-0.004041251250260669
2023-07-26,-0.0005791842825765281
2023-07-27,0.01357908057993562
2023-07-28,0.010867400703385766
2023-07-31,-0.01075805216722403
2023-08-01,0.012962288543991063
2023-08-02,0.00821730251623165
2023-08-03,-0.01113498481217745
2023-08-04,-0.017959382246028888
2023-08-07,0.0010177011676734127
2023-08-08,-0.004513344264816199
2023-08-09,0.003769773775079477
2023-08-10,-0.0026776520218835254
2023-08-11,-0.0185258053593651
2023-08-14,-0.00010599647055409278
2023-08-15,0.0029072746910415725
2023-08-16,0.006222250993417
2023-08-17,-0.003682323050777203
2023-08-18,0.0016408933910105894
2023-08-21,-0.005822598401428625
2023-08-22,-0.027771396334668186
2023-08-23,0.0084482804745869
2023-08-24,0.001960308048442938
2023-08-25,-0.002745892124749072
2023-08-28,-0.00549151800612413
2023-08-29,0.004768409743083124
2023-08-30,0.003418250508067988
2023-08-31,-0.013488446559361544
2023-09-01,0.01572403599835681
2023-09-04,0.0018887346097369306
2023-09-05,0.0036793574193306755
2023-09-06,-0.0023698730203897123
2023-09-07,-0.002149074250006322
2023-09-08,0.016179010497424096
2023-09-11,0.008267408118457165
2023-09-12,0.0051036643501845
2023-09-13,0.005378500268626074
2023-09-14,-0.0179826545617241
2023-09-15,0.01915748780145321
2023-09-18,-0.01095173090147572
2023-09-19,-0.0020590994984445166
2023-09-20,-0.006767966933993286
2023-09-21,-0.002971769091896559
2023-09-22,0.011523702993047391
2023-09-25,-0.002796028753555113
2023-09-26,0.005578677386947062
2023-09-27,0.004824999555047005
2023-09-28,-0.03478207480309525
2023-09-29,0.03268897331926013
2023-10-02,-0.011097956525436992
2023-10-03,4.7002126745354644e-05
2023-10-04,-0.022525798177647327
2023-10-05,0.02507100882730351
2023-10-06,0.008382721875138999
2023-10-09,-0.0008496534872493022
2023-10-10,-0.044619018421793055
2023-10-11,0.0018274371583157922
2023-10-12,-0.005320052148317211
2023-10-13,0.03088117450402239
2023-10-16,0.04910956284558188
2023-10-17,-0.00783774893800171
2023-10-18,0.008796082122935589
2023-10-19,-0.017648184512014664
2023-10-20,0.014436545596611117
2023-10-23,-0.012417526098490006
2023-10-24,0.01100652429343385
2023-10-25,-0.0032251901571602737
2023-10-26,0.0011532841836691121
2023-10-27,-0.012652856420987124
2023-10-30,-0.0040101871812853185
2023-10-31,0.007714927413358996
2023-11-01,0.005660127363966372
2023-11-02,-0.023838067980596733
2023-11-03,-0.0025186720186980427
2023-11-06,0.003225159668656996
2023-11-07,-0.006150134570452659
2023-11-08,0.002139932077530049
2023-11-09,-0.009994819109804265
2023-11-10,0.010849671875491795
2023-11-13,-0.01944545121894381
2023-11-14,-0.015972810874963828
2023-11-15,0.02801281646841225
2023-11-16,-0.015117581510911915
2023-11-17,0.0087175856246261
2023-11-20,-0.0022823113933992945
2023-11-21,0.008531747214192698
2023-11-22,-0.010113762059829945
2023-11-23,0.00021204563673316024
2023-11-24,-0.00505611050657051
2023-11-27,0.0013829209078298765
2023-11-28,0.009534682746419887
2023-11-29,-0.00014444036552629935
2023-11-30,0.00988443972508779
2023-12-01,-0.00973657846679521
2023-12-04,0.005216893894522401
2023-12-05,-0.0103091179167214
2023-12-06,-0.028443504008753506
2023-12-07,-0.0015894578968727036
2023-12-08,0.028252511890368148
2023-12-11,0.002317548867669994
2023-12-12,-0.017280381661276545
2023-12-13,0.006751933919604047
2023-12-14,-0.029918153715388085
2023-12-15,0.022734870338771973
2023-12-18,-0.0004808735436302447
2023-12-19,-0.026598635400050807
2023-12-20,-0.003933280183356036
2023-12-21,0.012988565364243532
2023-12-22,-0.002597437346353204
2023-12-27,0.008948299790647263
2023-12-28,0.02750945872775723
2023-12-29,-0.0014955060498146322
2024-01-02,-0.007196253359433524
2024-01-03,0.013192912315003746
2024-01-04,0.011698081259986948
2024-01-05,-0.009075504962155034
2024-01-08,0.004087445671577705
2024-01-09,-0.0028742511132637816
2024-01-10,0.0011123750976738123
2024-01-11,0.002717314406338822
2024-01-12,0.00039563105661644116
2024-01-15,0.0023286858641959896
2024-01-16,-0.0009397356964265802
2024-01-17,0.009220195929454889
2024-01-18,-0.0007680468832167442
2024-01-19,-0.01198950425594869
2024-01-22,0.0022023069539536255
2024-01-23,-0.03136322176302753
2024-01-24,0.011089128326210562
2024-01-25,-0.007961318672847884
2024-01-26,-0.012070179783801871
2024-01-29,-0.00837999365607589
2024-01-30,0.0036845891442762735
2024-01-31,0.01049925319937639
2024-02-01,0.005826709945655373
2024-02-02,0.0007279005962945728
2024-02-05,-0.01694323760176497
2024-02-06,0.010064075128747851
2024-02-07,0.018404022711179358
2024-02-08,-0.020071240252157008
2024-02-09,0.0041188712027108165
2024-02-12,-0.018585904821703636
2024-02-13,-0.0018404010426497086
2024-02-14,-0.019877330252522363
2024-02-15,0.005877389695788049
2024-02-16,-0.016984290571954053
2024-02-19,-0.00022238244259398243
2024-02-20,0.001044849337177245
2024-02-21,0.005454278285796199
2024-02-22,-0.0162756803791978
2024-02-23,-0.012034766471833158
2024-02-26,0.009627588164175138
2024-02-27,0.006457837316167947
2024-02-28,-0.016127152129106648
2024-02-29,0.0063809017494579345
2024-03-01,0.014890111070282597
2024-03-04,-0.022470332399562032
2024-03-05,-0.009381020334398082
2024-03-06,-0.016494929564085103
2024-03-07,-0.008029790074027487
2024-03-08,-0.002874658169078226
2024-03-11,0.0070154385202665925
2024-03-12,-0.013412882815232008
2024-03-13,-0.008409247311702894
2024-03-14,0.0011590581105458964
2024-03-15,-0.011824053090174425
2024-03-18,-0.010033618018216228
2024-03-19,0.0070187507082113965
2024-03-20,-0.003382622902599719
2024-03-21,0.0013957279282287849
2024-03-22,0.027451749006491166
2024-03-25,-0.001307947585030389
2024-03-26,0.010282369889682563
2024-03-27,0.004715253680917408
2024-03-28,0.012145657759986384
2024-04-02,-0.00011171184088620834
2024-04-03,0.00330016229002128
2024-04-04,-0.009410373713588105
2024-04-05,0.0018107279726384817
2024-04-08,-0.025908977901277885
2024-04-09,0.0012150687473554411
2024-04-10,0.0012569463762497346
2024-04-11,-0.034178769625430594
2024-04-12,0.04191404407326699
2024-04-15,0.015558022271735972
2024-04-16,-0.008519687238930485
2024-04-17,-0.007336652807789834
2024-04-18,-0.005813068947411182
2024-04-19,-0.01219951116857021
2024-04-22,-0.009541632652690812
2024-04-23,-0.002820718293700508
2024-04-24,0.007741215113375277
2024-04-25,-0.0003662002923650043
2024-04-26,-0.0181065702065486
2024-04-29,0.012553052562065514
2024-04-30,-0.006656343346277072
2024-05-02,-0.0013689163314592467
2024-05-03,-0.0047891153601855585
2024-05-06,0.00981089337649571
2024-05-07,-0.002796988407811951
2024-05-08,0.005197777909882906
2024-05-09,-0.005489521276313969
2024-05-10,0.0021525611573186
2024-05-13,0.002657129228900934
2024-05-14,0.01297499798265389
2024-05-15,-0.019418287042681004
2024-05-16,0.00024096653029004322
2024-05-17,-0.007083532129237069
2024-05-20,-0.01147739027716388
2024-05-21,0.0026498872164645304
2024-05-22,0.006887582321225938
2024-05-23,-0.02048951952951028
2024-05-24,0.010124470448320488
2024-05-27,-0.015344770357925863
2024-05-28,0.007093184429877886
2024-05-29,-0.003104433603058787
2024-05-30,-0.004005120269588713
2024-05-31,0.00041920313367510564
2024-06-03,-0.026327449685479287
2024-06-04,0.014218694536571652
2024-06-05,-0.009438933317962028
2024-06-06,0.007081761442190082
2024-06-07,-0.0016685532219312682
2024-06-10,0.05924890138259897
2024-06-11,0.05129391962803331
2024-06-12,0.004962231164465036
2024-06-13,0.06473699062768157
2024-06-14,0.08926031899761988
2024-06-17,-0.026680905189398585
2024-06-18,-0.025402328079744296
2024-06-19,0.02843246051226067
2024-06-20,-0.018762841265499874
2024-06-21,0.020779735223962148
2024-06-24,-0.02583632116857215
2024-06-25,-0.016045757803186178
2024-06-26,0.025677666849745817
2024-06-27,0.07671152149736049
2024-06-28,-0.008316147081808056
2024-07-01,-0.055787339056627694
2024-07-02,-0.031231805221906828
2024-07-03,-0.01116529276464695
2024-07-04,-0.002466875445735095
2024-07-05,-0.012185097193646799
2024-07-08,-0.030128560198468102
2024-07-09,0.044608987717585036
2024-07-10,-0.042516325867582694
2024-07-11,0.0063960521420162175
2024-07-12,0.0016022565515343423
2024-07-15,-0.010002544694787119
2024-07-16,0.011494893838445597
2024-07-17,0.0010383586270757972
2024-07-18,0.004689088495129945
2024-07-19,0.0070753517255279785
2024-07-22,-0.0015074592630903716
2024-07-23,0.023654160275565994
2024-07-24,0.015733743989312154
2024-07-25,-0.0006182117494707429
2024-07-26,0.0018633354207020503
2024-07-29,-0.000278428729743152
2024-07-30,0.009040914722742932
2024-07-31,-0.004978242211495343
2024-08-01,0.024206972984592512
2024-08-02,0.04998354197218935
2024-08-05,-0.003555464871814684
2024-08-06,-0.027079563487665714
2024-08-07,-0.031111603281912092
2024-08-08,-0.0031252387208515753
2024-08-09,0.0016349304431130252
2024-08-12,0.0005052674038357186
2024-08-13,-0.0019240687060765316
2024-08-14,-0.0011871011829347466
2024-08-15,-0.017397674077070047
2024-08-16,0.00796698891092451
2024-08-19,-0.002725465028394991
2024-08-20,0.010596025817323662
2024-08-21,-0.01989442544851905
2024-08-22,-0.0004196972770293961
2024-08-23,0.0016347765562986227
2024-08-26,0.005147474417879994
2024-08-27,0.025219554294711788
2024-08-28,0.004470727130926999
2024-08-29,-0.019355592185775983
2024-08-30,0.013638391761109592
2024-09-02,-0.019817331599804144
2024-09-03,0.028669175961828164
2024-09-04,-0.0117842995559998
2024-09-05,-0.015984961557072408
2024-09-06,0.01549014323878628
2024-09-09,0.00013063465247509232
2024-09-10,-0.009659518446354931
2024-09-11,0.01862358182076429
2024-09-12,-0.021800358951849064
2024-09-13,-0.0010963131019869898
2024-09-16,0.01824119429751314
2024-09-17,0.005666809182160115
2024-09-18,0.020788635844282144
2024-09-19,0.014536869756790138
2024-09-20,0.00871683872982465
2024-09-23,0.03199103978371687
2024-09-24,0.010728822835430418
2024-09-25,0.019338245890485162
2024-09-26,0.011712924742181552
2024-09-27,-0.01004352807995501
2024-10-01,-0.011548589043680835
2024-10-02,-0.014086317102669388
2024-10-03,0.03897288651331654
2024-10-04,-0.0178853632656506
2024-10-07,-0.0016425088422192813
2024-10-08,0.0016253420754238634
2024-10-09,0.005471522099574799
2024-10-10,0.002867224836876958
2024-10-11,0.0019040121398758991
2024-10-14,-0.005497254923688022
2024-10-15,-0.0230597934143143
2024-10-16,0.01057423618646447
2024-10-17,-0.0021378635939742763
2024-10-18,-0.017689338802315935
2024-10-21,0.02000350713031196
2024-10-22,0.0025184848638930557
2024-10-23,-0.011619140212454582
2024-10-24,0.007717861867629239
2024-10-25,0.021035250474818357
2024-10-28,-0.020795807457099524
2024-10-29,0.018469581927871848
2024-10-30,-0.006006062387899136
2024-10-31,0.0014165419364160492
2024-11-01,0.012047955677210953
2024-11-04,-0.009607922962345694
2024-11-05,-0.02035790166039464
2024-11-06,0.05527031281597794
2024-11-07,-0.013797072352000561
2024-11-08,-0.004783115348889977
2024-11-11,-0.0006917684627668619
2024-11-12,0.033102709004785846
2024-11-13,-0.03222822500805844
2024-11-14,-0.0026115962382550206
2024-11-15,-0.0010366827092364028
2024-11-18,-0.0009205522299099433
2024-11-19,0.014592710181894342
2024-11-20,0.015575860503815875
2024-11-21,0.03210887318931921
2024-11-22,0.007834650703503532
2024-11-25,0.026654035293165013
2024-11-26,0.01602241561232065
2024-11-27,0.019467169708927368
2024-11-28,-0.0230308949566701
2024-11-29,-0.010309839670161747
2024-12-02,0.08147722682261993
2024-12-03,-0.03530563062450642
2024-12-04,0.009746124578946636
2024-12-05,-0.048995332398740654
2024-12-06,-0.022269540403710653
2024-12-09,-0.003067935722642856
2024-12-10,0.005421798267748801
2024-12-11,0.006851585369236357
2024-12-12,0.0266431631987174
2024-12-13,0.004100308112795603
2024-12-16,0.016568165642091293
2024-12-17,0.004828616838307487
2024-12-18,0.007795763226108421
2024-12-19,-0.0047642601390154304
2024-12-20,-0.00650859908177992
2024-12-23,0.022280685445019932
2024-12-27,0.0017167723899537135
2024-12-30,0.025198172985950174
2025-01-02,0.025316777796461354
2025-01-03,0.017065654594621726
2025-01-06,-0.04247701159523265
2025-01-07,0.0009791526941083095
2025-01-08,0.019176558214069717
2025-01-09,0.03685563944351666
2025-01-10,0.004248256890944546
2025-01-13,0.010787955380243908
2025-01-14,-0.006383850192286378
2025-01-15,-0.025024881781270603
2025-01-16,-0.008420242253889931
2025-01-17,0.00011927520519294799
2025-01-20,0.0003589376286802226
2025-01-21,-0.00206721328075421
2025-01-22,-0.024177364313682892
2025-01-23,0.020158089569028426
2025-01-24,-0.013316542001938436
2025-01-27,0.013043256798196845
2025-01-28,-0.03953886506066773
2025-01-29,0.022345190062634357
2025-01-30,-0.0018841210218496496
2025-01-31,0.0021932108058843047
2025-02-03,-0.015838190596339285
2025-02-04,-0.0008299670683338256
2025-02-05,-0.008598117774322844
2025-02-06,0.005600578183889593
2025-02-07,-0.004347059787840335
2025-02-10,0.015712735741246542
2025-02-11,0.006034577599510871
2025-02-12,-0.012063755944559773
2025-02-13,-0.02431517729297361
2025-02-14,0.005447947059350811
2025-02-17,-0.017535941169791958
2025-02-18,-0.01455755911461254
2025-02-19,0.017490408482947917
2025-02-20,0.04734594781080248
2025-02-21,0.019202211169368488
2025-02-24,-0.008321710794034765
2025-02-25,-0.01000001975133058
2025-02-26,-0.029109012567737236
2025-02-27,0.00804251445950388
2025-02-28,0.02259984924669145
2025-03-03,-0.032225884458835785
2025-03-04,0.019185933936822552
2025-03-05,-0.050375180119134555
2025-03-06,-0.02699595115760678
2025-03-07,0.027215345261869084
2025-03-10,-0.0064405145221339
2025-03-11,-0.004418487238636026
2025-03-12,-0.049606463050372196
2025-03-13,0.021777502743553723
2025-03-14,-0.010460523397046062
2025-03-17,-0.014747017600192813
2025-03-18,-0.01149953410108806
2025-03-19,-0.007471981651623216
2025-03-20,0.026953545844513593
2025-03-21,-0.007453809141479417
2025-03-24,-0.00931323745531576
2025-03-25,-0.006606809561416571
2025-03-26,0.009083575424127854
2025-03-27,-0.005846182536698441
2025-03-28,0.009429581753935934
2025-03-31,0.011011497574075824
2025-04-01,-0.003230742871572434
2025-04-02,-0.020924430279176565
2025-04-03,0.02404546935292884
2025-04-04,0.014005185701959633
2025-04-07,0.0392837707307685
2025-04-08,-0.04406902649120137
2025-04-09,0.03762026993593137
2025-04-10,-0.044286680031213055
2025-04-11,0.041439875056325515
2025-04-14,-0.05990978912703382
2025-04-15,-0.005406722205869796
2025-04-16,0.012330642027692629
2025-04-17,0.009347621829144726
2025-04-22,-0.00501164540594734
2025-04-23,-0.02923991429889572
2025-04-24,-0.02014487486421357
2025-04-25,-0.0009192711910092077
2025-04-28,0.008395703216829475
2025-04-29,0.00289624671326294
2025-04-30,0.0025425155107292596
2025-05-02,-0.002410995274511052
2025-05-05,0.0008886341840632639
2025-05-06,0.006793846364344214
2025-05-07,-0.001705879795794063
2025-05-08,-0.0046039228289636025
2025-05-09,0.003000392590955747
2025-05-12,-0.027376116910716064
2025-05-13,0.000320498266143443
2025-05-14,0.012087586322991783
2025-05-15,-0.014209095160389151
2025-05-16,0.007926192837590551
2025-05-19,0.004480990517854333
2025-05-20,-0.01882247712732299
2025-05-21,0.003958749848687715
2025-05-22,0.010815976055462029
2025-05-23,0.0176010448390177
2025-05-26,-0.01713803972649708
2025-05-27,-0.0010786281938987008
2025-05-28,0.001494875940834417
2025-05-29,-0.01656658137799949
2025-05-30,-0.00868608863264475
2025-06-02,0.013919129024066224
2025-06-03,0.01245204637868158
2025-06-04,-0.001209780528024229
2025-06-05,-0.007565652048677762
2025-06-06,0.0012998720713658374
2025-06-09,-0.01035642040397966
2025-06-10,0.00865940403527965
2025-06-11,0.014034492482799865
2025-06-12,0.014289455450973376
2025-06-13,0.014050163128881188
2025-06-16,-0.020715294836822884
2025-06-17,0.015478785556205299
2025-06-18,-0.0021132953176800084
2025-06-19,0.03555258172920661
2025-06-20,-0.023729371437059887
2025-06-23,-0.006293711125484602
2025-06-24,-0.004634777853718686
2025-06-25,-0.018725675273799647
2025-06-26,-0.010549250832401769
2025-06-27,-0.01264146211763817
2025-06-30,0.028286477547666222
2025-07-01,-0.003972557277181266
2025-07-02,0.016543108947887686
2025-07-03,-0.0003617167958637202
2025-07-04,0.021710479635319357
2025-07-07,0.005830658952090784
2025-07-08,0.00865825198184178
2025-07-09,0.009796947889627039
2025-07-10,0.01791493974927938
2025-07-11,-0.007061072115202571
2025-07-14,-0.02624638989082373
2025-07-15,-0.006852064195903118
2025-07-16,0.00040499382663716776
2025-07-17,0.01657570280390419
2025-07-18,-0.0002210603829605473
2025-07-21,-0.025329711419476486
2025-07-22,-0.0016354950780034239
2025-07-23,-0.0032119576324545207
2025-07-24,0.006542913428489339
2025-07-25,-0.009455943823213242
2025-07-28,-0.009142609535592205
2025-07-29,0.0005688383424974353
2025-07-30,-0.00846544585932052
2025-07-31,-0.0018444219962098218
2025-08-01,0.016986655523010485
2025-08-04,-0.018435754083784617
2025-08-05,0.005353952831129827
2025-08-06,0.009119753848430445
2025-08-07,-0.012086881054241827
2025-08-08,-0.0031642564879801327
2025-08-11,-0.0017078001685637556
2025-08-12,0.004584659687293824
2025-08-13,-0.009649355753740707
2025-08-14,0.012395581907446496
2025-08-15,0.018592825337863994
2025-08-18,-0.012137330762498122
2025-08-19,0.009382332316223652
2025-08-20,0.006340460399988035
2025-08-21,0.00971732109283785
2025-08-22,-0.013372363297153966
2025-08-25,0.043119825905724496
2025-08-26,0.03463882945571772
2025-08-27,0.05254853211930566
2025-08-28,-0.04989525259519734
2025-08-29,0.014399134125045898
2025-09-01,-0.00265522815781305
2025-09-02,0.00921719270580934
2025-09-03,0.006960131366267719
2025-09-04,-0.026086279563693582
2025-09-05,0.020386368211154138
2025-09-08,-0.01771029050829187
2025-09-09,0.037906008120884405
2025-09-10,0.002756158397520525
2025-09-11,-0.00851623883829844
2025-09-12,-0.0039123730196182205
2025-09-15,0.0015257261253350807
2025-09-16,0.006052922032636743
2025-09-17,0.01636917760143697
2025-09-18,0.013739310303013896
2025-09-19,-0.014950731305159448
2025-09-22,0.003941618644959788
2025-09-23,0.0018392277510825839
2025-09-24,0.010071127549460712
2025-09-25,0.014316020614040803
2025-09-26,-0.01152772003455349
2025-09-29,0.005710290963628517
2025-09-30,-7.491817206084495e-05
2025-10-01,-0.006218422332000206
2025-10-02,0.012717779583897748
2025-10-03,-0.01066407450680762
2025-10-06,0.04454363685811591
2025-10-07,0.008511892918362518
2025-10-08,-0.018285446889424017
2025-10-09,-0.01522222921132843
2025-10-10,0.02225167815381246
2025-10-13,-0.006481020239808788
2025-10-14,-0.0469016469402358
2025-10-15,-0.014229756622017309
2025-10-16,-0.01744130589617998
2025-10-17,0.01678626562655572
2025-10-21,0.010363512146093101
2025-10-22,0.00035755255104108485
2025-10-23,0.006987338919778874
2025-10-24,0.006373106169875964
2025-10-27,-0.006974403741540014
2025-10-28,0.0030769035908640996
2025-10-29,-0.014349595907087953
2025-10-30,-0.0006182030845321984
2025-10-31,0.008603333991671569
2025-11-03,-0.0015165883435658278
2025-11-04,0.008108845390221386
2025-11-05,0.0056905728915681575
2025-11-06,-0.0012196701738496074
2025-11-07,0.008308016613869817
2025-11-10,-0.01588373979325175
2025-11-11,-0.008351017934688842
2025-11-12,-0.030747044414209945
2025-11-13,-0.0013179521790054327
2025-11-14,0.00894799708313987
2025-11-17,0.0012388567233965198
2025-11-18,0.011623301857677348
2025-11-19,-0.008965577533257219
2025-11-20,0.022509382250139875
2025-11-21,0.0036218865052484173
2025-11-24,-0.024490723349982146
2025-11-25,-0.01322122034587836
2025-11-26,-0.016939103353044827
2025-11-27,0.010745102201232148
2025-11-28,-0.00943881377118172
2025-12-01,0.013236973406759778
2025-12-02,0.007352849825627672
2025-12-03,0.005828088484945093
2025-12-04,0.008379984738877244
2025-12-05,-0.02115878432708107
2025-12-08,-0.01026333972968585
2025-12-09,-0.009693239224325412
2025-12-10,0.018989244981458375
2025-12-11,-0.006677656560817646
2025-12-12,0.009160849817331118
2025-12-15,-8.833084543025116e-05
2025-12-16,-0.011565657359870696
2025-12-17,0.007588222293993363
2025-12-18,0.0036106066918247803
2025-12-19,0.014488632867732165
2025-12-22,0.0036350851981158394
2025-12-23,-0.01909950225504342
2025-12-29,0.00426155422814567
2025-12-30,0.009499110917069009
