date,sent_fr,sent_de,sent_fr_norm,sent_de_norm,sentiment_diff_norm,sent_fr_ma7,sent_de_ma7,sent_fr_norm_ma7,sent_de_norm_ma7,diff_norm_ma7
2025-01-01,0.0,0.0,0.2648110174217447,0.3592048525454326,-0.09439383512368793,,,,,
2025-01-02,-0.212075,-0.2592666666666667,-0.5033594145767976,-0.5632304655087358,0.05987105093193823,,,,,
2025-01-03,-0.15723333333333334,0.0,-0.3047139034375619,0.3592048525454326,-0.6639187559829944,,,,,
2025-01-04,-0.9396,0.0,-3.1385742845036595,0.3592048525454326,-3.497779137049092,,,,,
2025-01-05,0.0,0.0,0.2648110174217447,0.3592048525454326,-0.09439383512368793,,,,,
2025-01-06,0.0,-0.0912625,0.2648110174217447,0.03450536727704023,0.23030565014470444,,,,,
2025-01-07,-0.47295,-0.10908749999999999,-1.4482914501661863,-0.02891354328216089,-1.4193779068840255,-0.25455119047619046,-0.0656595238095238,-0.6572151429169958,0.12559725266683913,-0.782812395583835
2025-01-08,-0.34406,0.6117,-0.981430731173886,2.5355497383273873,-3.516980469501273,-0.303702619047619,0.02172619047619048,-0.8352496784306574,0.43650366492140413,-1.2717533433520616
2025-01-09,-0.4535,0.4343,-1.3778403602104083,1.9043848164086057,-3.282225176619014,-0.33819190476190475,0.12080714285714286,-0.9601755278068875,0.7890201337667386,-1.7491956615736262
2025-01-10,0.0,0.0,0.2648110174217447,0.3592048525454326,-0.09439383512368793,-0.31573,0.12080714285714286,-0.8788148248269866,0.7890201337667386,-1.6678349585937249
2025-01-11,-0.22995,-0.232525,-0.5681055962199612,-0.4680872752401633,-0.10001832097979785,-0.21435142857142855,0.08758928571428572,-0.5116050122150296,0.6708355440830821,-1.1824405562981115
2025-01-12,0.0,-0.46505,0.2648110174217447,-1.2953794030257593,1.560190420447504,-0.21435142857142855,0.021153571428571438,-0.5116050122150297,0.434466364715769,-0.9460713769307986
2025-01-13,-0.6691,-0.09435833333333338,-2.1587789203371828,0.02349081595738451,-2.1822697362945673,-0.3099371428571428,0.020711309523809528,-0.8578321461805908,0.43289285738438954,-1.29072500356498
2025-01-14,-0.1667714285714286,0.2763333333333333,-0.33926244871395406,1.3423610349405284,-1.6816234836544823,-0.2661973469387755,0.07577142857142857,-0.6993994316874147,0.6287892257019166,-1.3281886573893313
2025-01-15,-0.35644,-0.33702941176470586,-1.0262731215930394,-0.8398996703452296,-0.1863734512478098,-0.2679659183673469,-0.05976134453781513,-0.7058054874615795,0.1465821673201142,-0.8523876547816936
2025-01-16,0.28683333333333333,0.0,1.303768393719038,0.3592048525454326,0.9445635411736055,-0.16220401360544215,-0.12180420168067228,-0.3227185226145157,-0.07415782751748193,-0.24856069509703366
2025-01-17,0.2264,0.13073333333333334,1.0848689488350178,0.8243361610319906,0.26053278780302724,-0.12986115646258503,-0.1031280112044818,-0.20556738955547674,-0.007710497733687927,-0.19785689182178862
2025-01-18,-0.07392500000000002,0.06536666666666667,-0.0029574568703323594,0.5917705067887117,-0.594727963659044,-0.10757187074829933,-0.06057205882352941,-0.1248319410769583,0.14369775684186564,-0.2685296979188238
2025-01-19,-0.37425,0.0,-1.0907838625756827,0.3592048525454326,-1.4499887151211153,-0.16103615646258504,0.005863655462184871,-0.3184883525051622,0.38006693620917875,-0.6985552887143409
2025-01-20,0.0,-0.7200500000000001,0.2648110174217447,-2.202634504994696,2.467445522416441,-0.06545044217687075,-0.08352086834733895,0.02773878146039885,0.06204903321602443,-0.03431025175562536
2025-01-21,-0.30033333333333334,-0.459,-0.8230455729836724,-1.273854330998653,0.45080875801498055,-0.08453071428571428,-0.188568487394958,-0.04137309343527519,-0.31169601906100153,0.27032292562572646
2025-01-22,0.29686666666666667,-0.11654,1.3401107725993966,-0.055428518370096234,1.3955392909694928,0.008798809523809523,-0.15707000000000002,0.2966817485922157,-0.19962871163598248,0.4963104602281983
2025-01-23,-0.12635,-0.234675,-0.19284940499021233,-0.4757366810018621,0.28288727601164976,-0.05022738095238095,-0.19059500000000001,0.08287920591946563,-0.31890607357131023,0.401785279490776
2025-01-24,0.11676,-0.08279999999999998,0.687734886996894,0.06461378414140155,0.6231211028554925,-0.0658902380952381,-0.2210997619047619,0.026145768514019365,-0.4274378416985373,0.4535836102125567
2025-01-25,0.0,-0.05519999999999999,0.2648110174217447,0.16281080694274522,0.10200021047899946,-0.05532952380952381,-0.23832357142857144,0.0643984076986018,-0.48871779881938965,0.5531162065179915
2025-01-26,-0.216525,-0.0276,-0.5194780444124381,0.2610078297440889,-0.780485874156527,-0.032797380952380946,-0.2422664285714286,0.14601352457906533,-0.5027459449338674,0.6487594695129327
2025-01-27,-0.43305,0.0,-1.303767106246621,0.3592048525454326,-1.6629719587920535,-0.09466166666666666,-0.13940214285714286,-0.07806906451641549,-0.13676889385670607,0.058699829340290624
2025-01-28,-0.27536666666666665,-0.13873636363636363,-0.7326122115837104,-0.13440014250440477,-0.5982120690793056,-0.091095,-0.0936501948051948,-0.0651500128878495,0.02601027592818652,-0.09116028881603597
2025-01-29,0.6156666666666667,-0.15805,2.4948566583527163,-0.20311541751805914,2.6979720758707755,-0.04555214285714282,-0.0995801948051948,0.09981368507691046,0.004912147478477533,0.094901537598433
2025-01-30,0.11941428571428571,-0.4864727272727272,0.6973491451781525,-1.3715985348542723,2.0689476800324247,-0.010442959183673441,-0.1355512987012987,0.22698490652953401,-0.12306811735758107,0.3500530238871152
2025-01-31,0.0,-0.4177222222222222,0.2648110174217447,-1.1269936467365789,1.3918046641583235,-0.027122959183673443,-0.18339733044733045,0.16656721087594126,-0.29329775034014965,0.45986496121609105
2025-02-01,0.0,0.0,0.2648110174217447,0.3592048525454326,-0.09439383512368793,-0.027122959183673443,-0.17551161616161615,0.16656721087594126,-0.2652414581111943,0.4318086689871357
2025-02-02,0.46365,0.0,1.9442273597351907,0.3592048525454326,1.5850225071897581,0.0700448979591837,-0.17156875901875898,0.5185251257541739,-0.2512133119967167,0.7697384377508907
2025-02-03,0.9273,0.0,3.623643702048636,0.3592048525454326,3.2644388495032035,0.264380612244898,-0.17156875901875898,1.2224409555106395,-0.2512133119967167,1.473654267507356
2025-02-04,-0.12326666666666668,0.0,-0.1816810659655175,0.3592048525454326,-0.5408859185109501,0.2861091836734694,-0.1517492784992785,1.3011454048846667,-0.18069831270388279,1.4818437175885497
2025-02-05,0.0,-0.45285,0.2648110174217447,-1.251973472657049,1.5167844900787937,0.19815680272108846,-0.1938635642135642,0.9825674561802423,-0.33053517772373847,1.3131026339039806
2025-02-06,0.36585999999999996,-0.014850000000000007,1.5900159413919748,0.3063705848425357,1.283645356549439,0.23336333333333334,-0.1264888888888889,1.1100912842107884,-0.09082530348133733,1.2009165876921257
2025-02-07,-0.47725,0.45765,-1.463866755400626,1.9874609208438003,-3.4513276762444263,0.16518476190476192,-0.0014357142857142863,0.8631373166647354,0.354096777601574,0.5090405390631615
2025-02-08,0.0,0.228825,0.2648110174217447,1.1733328866946164,-0.9085218692728718,0.16518476190476192,0.03125357142857143,0.8631373166647354,0.4704007824800288,0.3927365341847067
2025-02-09,0.0,0.0,0.2648110174217447,0.3592048525454326,-0.09439383512368793,0.09894904761904763,0.03125357142857143,0.6232206963342432,0.47040078248002887,0.15281991385421437
2025-02-10,0.0,-0.123,0.2648110174217447,-0.0784123142866426,0.34322333170838726,-0.03352238095238095,0.013682142857142856,0.14338745567325864,0.407884044361161,-0.2644965886879022
2025-02-11,-0.049024999999999985,-0.231,0.08723442692909579,-0.46266153394407455,0.5498959608731704,-0.02291642857142856,-0.019317857142857144,0.18180395465820337,0.2904745605769457,-0.10867060591874218
2025-02-12,-0.231825,-0.11565,-0.5748971537349783,-0.05226202017106739,-0.5226351335639109,-0.0560342857142857,0.02885357142857142,0.061845644492957264,0.4618619109320859,-0.4000162664391285
2025-02-13,-0.1159125,0.179825,-0.1550430681566168,0.9989975925907817,-1.1540406607473985,-0.12485892857142855,0.05666428571428571,-0.1874484997282701,0.5608086263246924,-0.7482571260529625
2025-02-14,0.0,0.10774000000000002,0.2648110174217447,0.7425290277851707,-0.47771801036342604,-0.05668035714285713,0.006677142857142852,0.05950546781778286,0.3829612130306025,-0.32345574521281956
2025-02-15,0.0,0.0,0.2648110174217447,0.3592048525454326,-0.09439383512368793,-0.05668035714285713,-0.026012142857142866,0.05950546781778286,0.26665720815214766,-0.20715174033436473
2025-02-16,0.0,0.0,0.2648110174217447,0.3592048525454326,-0.09439383512368793,-0.05668035714285713,-0.026012142857142866,0.05950546781778286,0.26665720815214766,-0.20715174033436473
2025-02-17,-0.4191,0.06714,-1.2532379183348932,0.5980797840991361,-1.8513177024340293,-0.11655178571428569,0.0011507142857142788,-0.15735866586173683,0.3632989364929732,-0.5206576023547099
2025-02-18,0.032699999999999986,-0.14673750000000002,0.3832557804836441,-0.16286709069051572,0.5461228711741598,-0.1048767857142857,0.013188214285714277,-0.11506990106822997,0.40612671410062445,-0.5211966151688544
2025-02-19,0.4532333333333334,0.0,1.9064964846517622,0.3592048525454326,1.5472916321063297,-0.007011309523809501,0.029709642857142848,0.23941490441559013,0.46490769591726727,-0.22549279150167706
2025-02-20,0.5097666666666667,-0.2383,2.1112694899045463,-0.488633934902401,2.5999034248069472,0.08237142857142861,-0.03002250000000001,0.5631738412814705,0.2523889062753841,0.3107849350060866
2025-02-21,0.0,0.0,0.2648110174217447,0.3592048525454326,-0.09439383512368793,0.08237142857142861,-0.045413928571428584,0.5631738412814705,0.19762830981256435,0.36554553146890634
2025-02-22,0.0,0.080575,0.2648110174217447,0.6458796754518917,-0.38106865803014706,0.08237142857142861,-0.0339032142857143,0.5631738412814705,0.2385818559420585,0.3245919853394122
2025-02-23,0.0,0.16115,0.2648110174217447,0.9325544983583507,-0.6677434809366061,0.08237142857142861,-0.010881785714285734,0.5631738412814705,0.3204889482010468,0.24268489308042387
2025-02-24,0.0,-0.25306666666666666,0.2648110174217447,-0.5411717140098831,0.8059827314316277,0.14224285714285717,-0.05662559523809525,0.7800379749609903,0.15773873418547263,0.6222992407755177
2025-02-25,0.0,0.05839999999999999,0.2648110174217447,0.5669840602120438,-0.30217304279029916,0.1375714285714286,-0.027320238095238113,0.7631172945235761,0.26200318431440967,0.5011141102091664
2025-02-26,0.0,0.0,0.2648110174217447,0.3592048525454326,-0.09439383512368793,0.07282380952380954,-0.027320238095238113,0.5285907992050022,0.26200318431440967,0.2665876148905925
2025-02-27,-0.7264999999999999,0.0,-2.3666911343969077,0.3592048525454326,-2.7258959869423403,-0.10378571428571426,0.006722619047619034,-0.1111178614094913,0.3831230110926716,-0.49424087250216286
2025-02-28,-0.3567,-0.17975,-1.0272148842351219,-0.28032104776404315,-0.7468938364710787,-0.1547428571428571,-0.018955952380952396,-0.295692990217615,0.29176216819131795,-0.587455158408933
2025-03-01,-0.2378,-0.089875,-0.5965395836828331,0.03944190239069474,-0.6359814860735279,-0.18871428571428567,-0.043305952380952396,-0.4187430760896977,0.20512820061114698,-0.6238712767008445
2025-03-02,-0.11890000000000003,0.0,-0.16586428313054427,0.3592048525454326,-0.5250691356759769,-0.2057,-0.06632738095238096,-0.48026811902573885,0.12322110835215867,-0.6034892273778976
2025-03-03,0.0,0.0,0.2648110174217447,0.3592048525454326,-0.09439383512368793,-0.2057,-0.030175000000000007,-0.4802681190257389,0.2518463321457752,-0.732114451171514
2025-03-04,-0.16,0.0,-0.3147352238597205,0.3592048525454326,-0.6739400764051531,-0.22855714285714285,-0.03851785714285715,-0.5630604392088053,0.22216358819340215,-0.7852240274022074
2025-03-05,0.46485,-0.310775,1.9485739565448017,-0.7464900663345526,2.6950640228793543,-0.16215,-0.08291428571428572,-0.32252287647694006,0.0642071712105471,-0.38673004768748714
2025-03-06,0.0,0.0,0.2648110174217447,0.3592048525454326,-0.09439383512368793,-0.05836428571428571,-0.08291428571428572,0.053406002354296,0.06420717121054711,-0.010801168856251011
2025-03-07,0.02435,-0.12051666666666666,0.3530107110167677,-0.06957695414328496,0.42258766516005264,-0.003928571428571422,-0.07445238095238096,0.25058108739028023,0.09431347029922686,0.15626761709105347
2025-03-08,0.8224,0.0,3.243678697608476,0.3592048525454326,2.8844738450630434,0.14752857142857145,-0.06161309523809525,0.7991836990033244,0.13999389174990368,0.6591898072534208
2025-03-09,0.0,-0.5043,0.2648110174217447,-1.4350255314660756,1.6998365488878202,0.16451428571428575,-0.13365595238095238,0.8607087419393656,-0.11632473453745462,0.9770334764768204
2025-03-10,-0.2634666666666667,-0.26976666666666665,-0.6895084598884015,-0.600588028530986,-0.08892043135741545,0.1268761904761905,-0.1721940476190476,0.7243773880379162,-0.2534380032626573,0.9778153913005736
2025-03-11,0.0,-0.3637333333333334,0.2648110174217447,-0.9349085687205853,1.19971958614233,0.14973333333333333,-0.2241559523809524,0.8071697082209826,-0.4383113491578027,1.2454810573787856
2025-03-12,-0.021224999999999994,-0.22363333333333335,0.18793058635175033,-0.4364519421094164,0.6243825284611667,0.08029404761904764,-0.21170714285714287,0.5556492267648324,-0.3940201885542118,0.9496694153190444
2025-03-13,0.0,0.18902000000000002,0.2648110174217447,1.031712144208838,-0.7669011267870933,0.08029404761904764,-0.18470428571428574,0.5556492267648324,-0.29794771831658245,0.853596945081415
2025-03-14,-0.4705,-0.46095,-1.4394171483465639,-1.2807921641313567,-0.1586249842152072,0.009601190476190498,-0.23333761904761907,0.2995881039986423,-0.4709784626005927,0.770566566599235
2025-03-15,0.5786,0.0,2.3605951124558433,0.3592048525454326,2.0013902599104108,-0.025227380952380925,-0.23333761904761907,0.1734333061196947,-0.4709784626005927,0.6444117687202875
2025-03-16,0.0,0.0,0.2648110174217447,0.3592048525454326,-0.09439383512368793,-0.025227380952380925,-0.16129476190476194,0.1734333061196947,-0.21465983631323438,0.3880931424329293
2025-03-17,0.0,-0.3716285714285714,0.2648110174217447,-0.9629987453604448,1.2278097627821896,0.012410714285714315,-0.17584646258503403,0.30976466002114417,-0.26643279586029994,0.5761974558814442
2025-03-18,0.0,0.0,0.2648110174217447,0.3592048525454326,-0.09439383512368793,0.012410714285714315,-0.12388455782312927,0.30976466002114417,-0.08155944996515453,0.3913241099862988
2025-03-19,-0.5573,0.0,-1.753820984241759,0.3592048525454326,-2.1130258367871915,-0.06417142857142855,-0.09193693877551022,0.0323715785077857,0.032105806414109615,0.000265772093676223
2025-03-20,-0.30107999999999996,-0.1814,-0.8257501221096524,-0.2861915219532539,-0.5395586001563984,-0.10718285714285712,-0.1448540816326531,-0.12342286999669959,-0.15616614589476066,0.03274327589806119
2025-03-21,-0.9543,0.3016666666666667,-3.191820095421394,1.4324935679465929,-4.624313663367987,-0.17629714285714285,-0.035908843537414976,-0.37376614815024684,0.23144610154494644,-0.6052122496951932
2025-03-22,0.0,0.0,0.2648110174217447,0.3592048525454326,-0.09439383512368793,-0.2589542857142857,-0.035908843537414976,-0.6731638760122608,0.23144610154494644,-0.9046099775572072
2025-03-23,-0.4857,0.0,-1.4944740412683033,0.3592048525454326,-1.8536788938137359,-0.32833999999999997,-0.035908843537414976,-0.924490312967982,0.2314461015449464,-1.1559364145129283
2025-03-24,0.015499999999999995,-0.2662,0.32095455954588664,-0.5878983166472375,0.908852876193124,-0.3261257142857143,-0.02084761904761906,-0.9164698069502475,0.2850318770754046,-1.201501684025652
2025-03-25,-0.04874999999999999,0.0,0.08823052203129829,0.3592048525454326,-0.27097433051413433,-0.33308999999999994,-0.02084761904761906,-0.9416955920060256,0.2850318770754046,-1.22672746908143
2025-03-26,-0.19355,-0.026788888888888886,-0.4362588263284278,0.26389365207279186,-0.7001524784012196,-0.28112571428571426,-0.024674603174603186,-0.7534724265898355,0.2714159912935988,-1.024888417883434
2025-03-27,-0.32795,0.1299857142857143,-0.9230776690048587,0.8216762347759846,-1.7447539037808433,-0.2849642857142857,0.01980907029478457,-0.7673763618605792,0.42968281368349004,-1.1970591755440692
2025-03-28,0.0,-0.0008750000000000147,0.2648110174217447,0.3560917222935784,-0.0912807048718337,-0.14863571428571426,-0.02341116780045353,-0.27357191716870216,0.2759111214473451,-0.5494830386160471
2025-03-29,0.0,-0.3496875,0.2648110174217447,-0.8849354159634397,1.1497464333851843,-0.14863571428571426,-0.07336652494331067,-0.27357191716870216,0.09817679737464904,-0.37174871454335107
2025-03-30,0.0,-0.6985,0.2648110174217447,-2.125962554220458,2.3907735716422027,-0.07924999999999997,-0.17315223922902495,-0.022245480212981013,-0.25684711787762105,0.23460163766464018
2025-03-31,-0.44855,0.0,-1.359910648370763,0.3592048525454326,-1.7191155009161956,-0.1455428571428571,-0.13512366780045354,-0.26236908134393094,-0.12154666513581106,-0.14082241620811978
2025-04-01,-0.931,0.09814,-3.107423674034781,0.708373541593399,-3.81579721562818,-0.2715785714285714,-0.12110366780045353,-0.7188911093533709,-0.0716654238432444,-0.6472256855101264
2025-04-02,0.2804666666666667,0.0,1.2807072828680464,0.3592048525454326,0.9215024303226138,-0.20386190476190472,-0.11727668367346941,-0.4736102366110175,-0.058049538061438574,-0.4155606985495787
2025-04-03,0.007539999999999991,-0.4567,0.2921221340421337,-1.2656712457652077,1.5577933798073413,-0.15593476190476188,-0.20108892857142857,-0.3000102647471614,-0.35624203528160897,0.05623177053444766
2025-04-04,-0.28676666666666667,-0.08334,-0.7739048812750148,0.06269253804311434,-0.8365974193181291,-0.19690142857142853,-0.21286964285714288,-0.4483982502752699,-0.39815620446024663,-0.05024204581502312
2025-04-05,0.2265,0.0,1.0852311652358189,0.3592048525454326,0.7260263126903863,-0.16454428571428567,-0.16291428571428573,-0.33119537201611643,-0.2204218803875506,-0.11077349162856572
2025-04-06,-0.24233333333333332,0.0,-0.6129600605191411,0.3592048525454326,-0.9721649130645738,-0.1991633333333333,-0.06312857142857144,-0.4565912402933859,0.1346020348647195,-0.591193275158105
2025-04-07,-0.23296666666666666,-0.3387888888888889,-0.579032457644122,-0.8461596491597894,0.26712719151566733,-0.16836571428571423,-0.11152698412698414,-0.34503721304672286,-0.03759289395031219,-0.3074443190964104
2025-04-08,0.0,-0.3722375,0.2648110174217447,-0.9651652298826535,1.2299762473043983,-0.03536571428571423,-0.17872376984126984,0.13671060001849514,-0.276669861304034,0.4133804613225293
2025-04-09,-0.16118333333333332,-0.3148,-0.31902145126919795,-0.760810465493082,0.441789014223884,-0.09845857142857138,-0.22369519841269844,-0.09182207628682548,-0.43667204959525036,0.34484997330842504
2025-04-10,-0.42095,-0.3155,-1.2599389217497101,-0.7633009696945652,-0.49663795205514494,-0.15967142857142852,-0.20352376984126988,-0.3135450842570889,-0.3649048672994443,0.05135978304235561
2025-04-11,-0.317,-0.24703999999999998,-0.8834149731171583,-0.5197296587894931,-0.36368531432766527,-0.16399047619047616,-0.2269094841269841,-0.32918938309168083,-0.4481080382755311,0.11891865518385046
2025-04-12,0.0,0.0,0.2648110174217447,0.3592048525454326,-0.09439383512368793,-0.196347619047619,-0.2269094841269841,-0.44639226135083426,-0.44810803827553103,0.0017157769246969959
2025-04-13,0.12498333333333334,0.0,0.7175211490227559,0.3592048525454326,0.35831629647732327,-0.14387380952380946,-0.2269094841269841,-0.2563235171305633,-0.44810803827553103,0.191784521144968
2025-04-14,0.557275,0.0,2.283352464985048,0.3592048525454326,1.9241476124396155,-0.0309821428571428,-0.17851107142857142,0.1525886146736039,-0.27591310946049935,0.4285017241341035
2025-04-15,0.0,0.0,0.2648110174217447,0.3592048525454326,-0.09439383512368793,-0.0309821428571428,-0.12533428571428573,0.1525886146736039,-0.08671738339934419,0.23930599807294825
2025-04-16,-0.009028571428571417,0.09485714285714286,0.2321080509494335,0.6966935851546057,-0.4645855342051722,-0.00924574829931967,-0.06681183673469389,0.23132140070483698,0.1214974809788969,0.10982391972594023
2025-04-17,-0.33795,-0.304,-0.9592993090849501,-0.7223855435273386,-0.23691376555761146,0.0026113945578231895,-0.06516897959183675,0.2742699167998026,0.12734254185992927,0.1469273749398736
2025-04-18,0.0,-0.4253,0.2648110174217447,-1.1539543430129544,1.418765360434699,0.04789710884353748,-0.09063469387755105,0.4383022011625031,0.03673901554229191,0.40156318562021137
2025-04-19,0.0,0.0,0.2648110174217447,0.3592048525454326,-0.09439383512368793,0.04789710884353748,-0.09063469387755105,0.4383022011625031,0.036739015542291927,0.40156318562021137
2025-04-20,0.0,0.0,0.2648110174217447,0.3592048525454326,-0.09439383512368793,0.030042346938775572,-0.09063469387755105,0.3736293252195015,0.036739015542291927,0.33689030967720973
2025-04-21,-0.13342857142857142,-0.46395,-0.21848915164690574,-1.2914657535662852,1.0729766019193794,-0.06862959183673463,-0.15691326530612246,0.016223379986365194,-0.19907107104509633,0.21529445103146175
2025-04-22,-0.26685714285714285,-0.36858,-0.7017893207155562,-0.9521523454299031,0.2503630247143469,-0.10675204081632647,-0.2095675510204082,-0.12186238260467779,-0.38640781361300147,0.26454543100832384
2025-04-23,0.0,-0.31723999999999997,0.2648110174217447,-0.7694916515668238,1.0343026689885684,-0.10546224489795912,-0.2684385714285714,-0.1171905302514905,-0.5958628474303486,0.4786723171788582
2025-04-24,-0.2948,-0.26589999999999997,-0.803002932139355,-0.5868309577037445,-0.21617197443561054,-0.09929795918367341,-0.2629957142857143,-0.09486247640211976,-0.5764979065984065,0.4816354301962869
2025-04-25,0.0,0.533625,0.2648110174217447,2.257769573283369,-1.9929585558616243,-0.09929795918367341,-0.12600642857142857,-0.09486247640211976,-0.08910877569893172,-0.005753700703187846
2025-04-26,-0.9458,0.22293888888888885,-3.1610317013533162,1.1523909089051592,-4.313422610258476,-0.23441224489795912,-0.09415801587301588,-0.5842685790842713,0.02420351806674351,-0.6084720971510146
2025-04-27,-0.5574666666666668,-0.08774722222222231,-1.7544246782430941,0.047012244526949375,-1.8014369227700435,-0.3140503401360544,-0.10669333333333333,-0.8727308213221054,-0.02039542593589696,-0.8523353953862083
2025-04-28,-0.16913333333333333,-0.39843333333333336,-0.34781765513287083,-1.05836641985126,0.710548764718389,-0.31915102040816323,-0.09733380952380956,-0.8912063218201005,0.012904478880535222,-0.9041108007006355
2025-04-29,0.27076666666666666,0.0,1.2455722919903576,0.3592048525454326,0.886367439444925,-0.24234761904761898,-0.044679523809523836,-0.6130118057192557,0.20024122144844034,-0.8132530271676958
2025-04-30,-0.2722142857142857,0.1177125,-0.7211937707584624,0.778009817998446,-1.4992035887569084,-0.28123537414965977,0.017456547619047587,-0.7538696326021422,0.4213128599577645,-1.1751824925599068
2025-05-01,0.0,-0.229725,0.2648110174217447,-0.45812525843422985,0.7229362758559745,-0.23912108843537408,0.022624404761904724,-0.6013247826648422,0.43969938842483813,-1.0410241710896802
2025-05-02,0.0,-0.4950333333333334,0.2648110174217447,-1.402055999655963,1.6668670170777076,-0.23912108843537408,-0.12432678571428576,-0.6013247826648423,-0.08313283628078073,-0.5181919463840614
2025-05-03,-0.1764,-0.36062916666666667,-0.3741387135910707,-0.923864368541388,0.5497256549503173,-0.1292068027210884,-0.20769365079365082,-0.2031972129845216,-0.3797407330588589,0.17654352007433763
2025-05-04,0.0,-0.226225,0.2648110174217447,-0.44567273742681307,0.7104837548485577,-0.04956870748299313,-0.22747619047619053,0.08526502925331252,-0.4501243019093964,0.5353893311627093
2025-05-05,-0.23365,0.0,-0.5815076030495949,0.3592048525454326,-0.9407124555950275,-0.05878537414965979,-0.17055714285714288,0.0518807509794948,-0.24761412013844034,0.29949487111793544
2025-05-06,0.23816666666666667,0.0,1.1274897453292592,0.3592048525454326,0.7682848927838266,-0.06344251700680266,-0.17055714285714288,0.03501181574219503,-0.2476141201384403,0.28262593588063567
2025-05-07,0.0,-0.03171428571428571,0.2648110174217447,0.24636976423332962,0.018441253188415052,-0.024554761904761836,-0.1919038265306123,0.17586964262508173,-0.32356269924774267,0.49943234187282476
2025-05-08,0.0,0.7881,0.2648110174217447,3.163156797101193,-2.898345779679448,-0.024554761904761836,-0.046500255102040824,0.17586964262508178,0.19376330868588917,-0.01789366606080708
2025-05-09,0.0,-0.5058333333333334,0.2648110174217447,-1.440480921621706,1.7052919390434507,-0.024554761904761836,-0.048043112244897976,0.17586964262508173,0.18827403411935442,-0.012404391494272351
2025-05-10,0.0,0.0,0.2648110174217447,0.3592048525454326,-0.09439383512368793,0.000645238095238163,0.0034753401360544073,0.26714817562691257,0.37156963713175734,-0.10442146150484453
2025-05-11,-0.007755555555555552,-0.1042875,0.23671912322629587,-0.011835800186275081,0.24855492341257096,-0.00046269841269834446,0.020894982993197263,0.26313504788470554,0.4335463424518342,-0.17041129456712834
2025-05-12,-0.015511111111111104,-0.208575,0.20862722903084713,-0.3828764529179828,0.59150368194883,0.030700000000000068,-0.008901445578231307,0.3760114524676258,0.32753472738563205,0.04847672508199414
2025-05-13,-0.023266666666666658,-0.222175,0.18053533483539833,-0.4312633916896594,0.6117987265250577,-0.006647619047618976,-0.04064073129251703,0.24073225096850287,0.21461069249490464,0.026121558473598587
2025-05-14,-0.324175,-0.3209666666666667,-0.909403999874624,-0.7827506215537686,-0.12665337832085533,-0.05295833333333326,-0.08196250000000002,0.07298724849759308,0.06759349452531915,0.005393753972274247
2025-05-15,0.005242857142857137,-0.01203333333333334,0.28380150586373554,0.3163918993675521,-0.03259039350381654,-0.052209353741496524,-0.1962672619047619,0.07570017541787748,-0.33908720515091517,0.414787380568793
2025-05-16,0.0,0.0,0.2648110174217447,0.3592048525454326,-0.09439383512368793,-0.052209353741496524,-0.12400535714285717,0.07570017541787748,-0.08198923741275256,0.15768941283063034
2025-05-17,0.0,-0.44525,0.2648110174217447,-1.2249337127552298,1.4897447301769744,-0.052209353741496524,-0.18761250000000002,0.07570017541787748,-0.3082947467414186,0.38399492215929637
2025-05-18,0.0,0.0,0.2648110174217447,0.3592048525454326,-0.09439383512368793,-0.05110141723356001,-0.17271428571428574,0.07971330316008444,-0.2552889392083175,0.3350022423684023
2025-05-19,0.0,-0.07278,0.2648110174217447,0.10026357285406325,0.16454744456768144,-0.048885544217686996,-0.153315,0.08773955864449838,-0.18626893552659668,0.27400849417109535
2025-05-20,-0.44705,0.6016,-1.3544774023587494,2.4996153205631275,-3.8540927229218767,-0.10942602040816318,-0.03563285714285715,-0.13154797524037984,0.2324280233666586,-0.36397599860703816
2025-05-21,0.23183333333333334,0.0831,1.1045493732785343,0.6548632798929567,0.44968609338557763,-0.029996258503401287,0.02209095238095237,0.15615964949578562,0.4378014378590479,-0.281641788363262
2025-05-22,-0.17823333333333333,-0.45885,-0.38077934760575416,-1.2733206515269064,0.8925413039211523,-0.05620714285714278,-0.041740000000000006,0.06121952757157282,0.21069964487412532,-0.14948011730255217
2025-05-23,0.3116333333333333,0.44858571428571425,1.393598061117665,1.9552114327654087,-0.5616133716477436,-0.011688095238095164,0.022343673469387742,0.2224748195281329,0.4387005849055504,-0.21622576537741728
2025-05-24,-0.09003333333333335,0.22429285714285713,-0.061304482099346545,1.1572081426554206,-1.218512624754767,-0.02454999999999993,0.11799265306122446,0.17588689102511987,0.7790065642499291,-0.603119673224809
2025-05-25,-0.4917,0.0,-1.5162070253163582,0.3592048525454326,-1.8754118778617908,-0.09479285714285708,0.11799265306122446,-0.07854425793746626,0.7790065642499291,-0.8575508221873951
2025-05-26,0.0,0.0,0.2648110174217447,0.3592048525454326,-0.09439383512368793,-0.09479285714285708,0.12838979591836733,-0.07854425793746629,0.8159981756344103,-0.8945424335718763
2025-05-27,0.15961999999999998,-0.3235,0.8429808363801663,-0.791763874854375,1.6347447112345415,-0.00812571428571422,-0.003767346938775538,0.2353783475966645,0.34580114771762427,-0.11042280012095951
2025-05-28,-0.08461428571428573,0.227325,-0.04167580285594451,1.1679960919771522,-1.2096718948330967,-0.05333251700680265,0.01683622448979589,0.07163189386316755,0.41910583515822364,-0.3474739412950559
2025-05-29,0.0,0.0,0.2648110174217447,0.3592048525454326,-0.09439383512368793,-0.027870612244897897,0.08238622448979589,0.16385908886709594,0.6523237643114149,-0.4884646754443187
2025-05-30,-0.14068,-0.37735,-0.2447550152249836,-0.9833548052113446,0.738599789986361,-0.09248680272108838,-0.03560459183673472,-0.07019135061042528,0.23252858745759303,-0.30271993806801806
2025-05-31,-0.92265,0.0,-3.077178604567904,0.3592048525454326,-3.4363834571133367,-0.21143204081632647,-0.0676464285714286,-0.5010305109630764,0.11852811744188044,-0.6195586284049567
2025-06-01,-0.461325,-0.146575,-1.4061837935730799,-0.16228893792945706,-1.243894855643623,-0.20709275510204073,-0.08858571428571431,-0.4853129064283223,0.04402900451689621,-0.5293419109452183
2025-06-02,0.0,0.22583333333333333,0.2648110174217447,1.1626889461192293,-0.8978779286974847,-0.20709275510204073,-0.056323809523809554,-0.4853129064283223,0.15881244645601003,-0.6441253528843321
2025-06-03,-0.19408571428571428,0.3012333333333333,-0.43819927133271835,1.4309518272504362,-1.8691510985831545,-0.25762214285714274,0.03292380952380949,-0.6683386361015915,0.47634326104241165,-1.1446818971440031
2025-06-04,-0.36825,0.25457142857142856,-1.0690508785276278,1.264935156023665,-2.333986034551293,-0.29814153061224485,0.036816156462585,-0.8151065040546891,0.49019169876334207,-1.305298202818031
2025-06-05,5.9999999999993395e-05,-0.39565,0.2650283472622252,-1.0484637007644093,1.3134920480266346,-0.2981329591836734,-0.019705272108843572,-0.8150754569346205,0.28909619114765034,-1.1041716480822708
2025-06-06,0.167925,-0.3548857142857143,0.8730629084666823,-0.9034299509902716,1.7764928594569538,-0.2540465306122448,-0.016496088435374184,-0.6553871821215254,0.3005140274649465,-0.9559012095864717
2025-06-07,0.11195,-0.2365904761904762,0.6703122781183698,-0.4825516831450369,1.1528639612634066,-0.1062465306122448,-0.05029472789115651,-0.12003134173777197,0.18026309379487943,-0.3002944355326513
2025-06-08,0.055975,-0.11829523809523812,0.4675616477700572,-0.061673415299802185,0.5292350630698593,-0.032346530612244816,-0.04625476190476195,0.14764657845410475,0.1946367398848301,-0.04699016143072521
2025-06-09,0.0,0.0,0.2648110174217447,0.3592048525454326,-0.09439383512368793,-0.032346530612244816,-0.0785166666666667,0.14764657845410475,0.07985329794571627,0.06779328050838862
2025-06-10,-0.7487999999999999,0.0,-2.447465391775512,0.3592048525454326,-2.8066702443209444,-0.11159142857142848,-0.12155000000000005,-0.1393914387520086,-0.07325341272642712,-0.06613802602558135
2025-06-11,-0.06070000000000001,-0.951,0.044945662135588774,-3.0243229983269537,3.0692686604625425,-0.0676557142857142,-0.2937744897959184,0.019750924199879474,-0.6860045776336584,0.705755501833538
2025-06-12,-0.3077,0.35733333333333334,-0.8497288478426731,1.6305479496836024,-2.4802767975262756,-0.11162142857142847,-0.1862054421768708,-0.13950010367224885,-0.30328862756965674,0.163788523897408
2025-06-13,0.0,0.8034,0.2648110174217447,3.217592103219329,-2.952781085797584,-0.1356107142857142,-0.020736054421768735,-0.2263932309643828,0.2854288087460005,-0.5118220397103831
2025-06-14,0.0,0.40169999999999995,0.2648110174217447,1.7883984778823805,-1.5235874604606359,-0.15160357142857134,0.07044829931972785,-0.2843219824924721,0.6098502603213458,-0.8941722428138178
2025-06-15,-0.835,0.0,-2.759695929265902,0.3592048525454326,-3.1189007818113343,-0.27888571428571424,0.08734761904761901,-0.7453587792118948,0.6699757271563794,-1.4153345063682738
2025-06-16,-0.944,-0.9368,-3.1545118061389,-2.9738013416682914,-0.18071046447060857,-0.4137428571428571,-0.046480952380952414,-1.233833468291987,0.19383198512584737,-1.4276654534178341
2025-06-17,-0.6975666666666666,0.0,-2.261889855765176,0.3592048525454326,-2.6210947083106086,-0.4064238095238094,-0.046480952380952414,-1.2073226774333676,0.19383198512584743,-1.4011546625592146
2025-06-18,-0.47384999999999994,0.0,-1.4515513977733945,0.3592048525454326,-1.810756250318827,-0.465445238095238,0.08937619047619043,-1.4211079717060795,0.6771931066790454,-2.098301078385125
2025-06-19,0.0,-0.8379333333333333,0.2648110174217447,-2.622047272068309,2.886858289490054,-0.42148809523809516,-0.08137619047619052,-1.2618879909540197,0.06967950357162955,-1.3315674945256488
2025-06-20,-0.31456666666666666,-0.09944999999999998,-0.8746010406976693,0.005375362777547469,-0.8799764034752168,-0.4664261904761903,-0.21035476190476193,-1.424661142113936,-0.3892086022057678,-1.035452539908168
2025-06-21,-0.2097111111111111,-0.223525,-0.49479702132453124,-0.43606650693537724,-0.058730514389154,-0.49638492063492057,-0.29967261904761905,-1.5331765762205471,-0.7069893143225904,-0.8261872618979563
2025-06-22,-0.10485555555555554,-0.2064375,-0.11499300195139324,-0.37527152044559603,0.2602785184942028,-0.39207857142857133,-0.3291636904761905,-1.1553618723184742,-0.8119145104641659,-0.3434473618543081
2025-06-23,0.0,-0.18935000000000002,0.2648110174217447,-0.31447653395581493,0.5792875513775596,-0.2572214285714285,-0.2223851190476191,-0.6668871832383821,-0.4320109665052407,-0.2348762167331412
2025-06-24,0.0,0.19824285714285714,0.2648110174217447,1.0645258077287902,-0.7997147903070456,-0.15756904761904758,-0.19406471088435379,-0.3059299156402506,-0.3312508300504753,0.025320914410224944
2025-06-25,0.39027500000000004,-0.11222000000000001,1.6784510756475188,-0.04005854958379899,1.718509625231318,-0.034122619047618964,-0.21009613945578234,0.1412132948484513,-0.3882884589260798,0.5295017537745313
2025-06-26,0.2981,-0.2643,1.3445781082092745,-0.5811383766717826,1.925716484881057,0.008463095238095313,-0.1281485204081633,0.29546573638952695,-0.09673004529800458,0.3921957816875318
2025-06-27,0.0,0.0,0.2648110174217447,0.3592048525454326,-0.09439383512368793,0.05340119047619055,-0.11394137755102045,0.4582388875494433,-0.04618297533116385,0.5044218628806074
2025-06-28,0.0,0.0,0.2648110174217447,0.3592048525454326,-0.09439383512368793,0.0833599206349207,-0.08200923469387758,0.5667543216560541,0.06742721888038042,0.499327102775674
2025-06-29,0.0,0.0,0.2648110174217447,0.3592048525454326,-0.09439383512368793,0.09833928571428578,-0.052518163265306166,0.6210120387093596,0.17235241502195595,0.4486596236874038
2025-06-30,0.0,-0.32554,0.2648110174217447,-0.7990219156701265,1.0638329330918712,0.09833928571428578,-0.07197387755102044,0.6210120387093596,0.10313164620562569,0.5178803925037341
2025-07-01,0.0,-0.2699333333333333,0.2648110174217447,-0.6011810057218153,0.86599202314356,0.09833928571428578,-0.13885619047619052,0.6210120387093595,-0.13482647000160367,0.7558385087109635
2025-07-02,0.0,-0.22373333333333334,0.2648110174217447,-0.43680772842391397,0.7016187458456586,0.04258571428571435,-0.15478666666666668,0.4190634589628203,-0.1915049241216201,0.6105683830844407
2025-07-03,0.0,-0.2707,0.2648110174217447,-0.6039087007996304,0.8687197182213751,0.0,-0.1557009523809524,0.2648110174217447,-0.19475782756845553,0.4595688449902004
2025-07-04,-0.2009,0.0,-0.462881731787295,0.3592048525454326,-0.8220865843327276,-0.028699999999999927,-0.1557009523809524,0.16085491039188188,-0.19475782756845553,0.3556127379603376
2025-07-05,0.5477,0.0,2.2486702446083604,0.3592048525454326,1.8894653920629279,0.04954285714285721,-0.1557009523809524,0.4442633714185412,-0.19475782756845555,0.6390211989869969
2025-07-06,-0.47965,-0.19022499999999998,-1.4725599490198478,-0.317589664207669,-1.1549702848121788,-0.01897857142857137,-0.18287595238095242,0.1960675190697423,-0.2914427585331843,0.4875102776029268
2025-07-07,-0.23624285714285717,-0.38045,-0.5908993568703617,-0.9943841809607709,0.4034848240904092,-0.05272755102040811,-0.19072023809523814,0.07382317988515567,-0.3193516535747049,0.3931748334598609
2025-07-08,-0.3436125,0.4733,-0.979809812780302,2.043141479062678,-3.02295129184298,-0.10181505102040811,-0.08454404761904764,-0.10397979585799384,0.05840870139450839,-0.162388497252502
2025-07-09,-0.368375,-0.00046666666666668927,-1.0695036490286287,0.3575445164111103,-1.427048165439739,-0.1544400510204081,-0.05264880952380956,-0.29459617677947575,0.17188759351379757,-0.46648377029327304
2025-07-10,0.2943,0.0,1.3308138849788398,0.3592048525454326,0.9716090324334072,-0.11239719387755097,-0.013977380952380993,-0.1423100528427479,0.3094752439916637,-0.4517852968344114
2025-07-11,-0.3047,-0.385025,-0.8388623558186458,-1.010661404849037,0.17179904903039123,-0.1272257653061224,-0.06898095238095242,-0.19602157056151226,0.11378006436388234,-0.30980163492539436
2025-07-12,-0.15235,0.236475,-0.2870256691984505,1.2005505397536844,-1.487576208952135,-0.22723290816326527,-0.03519880952380956,-0.5582638439624853,0.23397230539363262,-0.7922361493561176
2025-07-13,0.0,-0.06690000000000002,0.2648110174217447,0.12118380814652335,0.14362720927522132,-0.15871147959183668,-0.017580952380952426,-0.31006799161368637,0.29665423001566005,-0.6067222216293462
2025-07-14,0.0,-0.370275,0.2648110174217447,-0.9581829234606378,1.2229939408823824,-0.12496249999999995,-0.016127380952381,-0.1878236524290997,0.30182583822996484,-0.4896494906590644
2025-07-15,0.0219875,0.0,0.34445334854784604,0.3592048525454326,-0.014751503997586568,-0.0727339285714285,-0.08374166666666671,0.001356799189207138,0.06126346301321546,-0.05990666382400807
2025-07-16,-0.015683333333333344,-0.1746,0.20800341189613436,-0.26199805256741565,0.47000146446355,-0.022349404761904702,-0.10861785714285718,0.18385780789274472,-0.027242618269431102,0.21110042616217606
2025-07-17,0.0,0.0,0.2648110174217447,0.3592048525454326,-0.09439383512368793,-0.06439226190476185,-0.10861785714285718,0.031571683956016845,-0.02724261826943109,0.05881430222544819
2025-07-18,-0.16486666666666666,0.0,-0.3323630886986984,0.3592048525454326,-0.691567941244131,-0.04441607142857137,-0.05361428571428576,0.10392872211600933,0.16845256135835027,-0.0645238392423407
2025-07-19,-0.1099111111111111,0.0,-0.13330505332521736,0.3592048525454326,-0.49250990587064997,-0.03835337301587295,-0.08739642857142861,0.12588881009789982,0.04826032032860001,0.07762848976930001
2025-07-20,-0.05495555555555555,0.0,0.06575298204826367,0.3592048525454326,-0.2934518704971689,-0.0462041666666666,-0.07783928571428575,0.09745194790168821,0.08226332667130133,0.015188621230387103
2025-07-21,0.0,-0.2965,0.2648110174217447,-0.695701569940017,0.9605125873617617,-0.0462041666666666,-0.06730000000000004,0.09745194790168821,0.1197606628885329,-0.022308714986844422
2025-07-22,0.0,0.0,0.2648110174217447,0.3592048525454326,-0.09439383512368793,-0.04934523809523803,-0.06730000000000004,0.08607447202653087,0.11976066288853289,-0.03368619086200176
2025-07-23,-0.004116666666666657,-0.009800000000000008,0.2498997755887737,0.32433779372466565,-0.07443801813589196,-0.04769285714285708,-0.04375714285714289,0.09205966683976508,0.2035229266445445,-0.11146325980477918
2025-07-24,-0.008233333333333315,-0.59505,0.23498853375580267,-1.7579016118726678,1.9928901456284704,-0.04886904761904755,-0.12876428571428575,0.08779931203034477,-0.09892085398661268,0.18672016601695773
2025-07-25,-0.443275,-0.48492499999999994,-1.3408037332285145,-1.3660919330321613,0.025288199803646716,-0.0886416666666666,-0.19803928571428572,-0.05626363718820038,-0.3453918233548404,0.28912818616664027
2025-07-26,0.0,-0.37479999999999997,0.2648110174217447,-0.974282254191655,1.2390932716133998,-0.0729400793650793,-0.25158214285714287,0.000610087204222763,-0.5358899814601387,0.5365000686643616
2025-07-27,-0.15875,-0.26467499999999994,-0.3102075188497091,-0.5824725753511485,0.2722650565014394,-0.08776785714285706,-0.2893928571428571,-0.05309855578120192,-0.6704153283025074,0.6173167725213056
2025-07-28,-0.3175,-0.15455,-0.8852260551211629,-0.19066289651064236,-0.6945631586105205,-0.13312499999999994,-0.26911428571428575,-0.21738956614447444,-0.5982669463840253,0.38087738023955103
2025-07-29,0.10646,-0.1737909090909091,0.6504265977143996,-0.2591194178410258,0.9095460155554254,-0.1179164285714285,-0.29394155844155845,-0.1623016261026666,-0.6865989850106623,0.5242973589079959
2025-07-30,0.09716,-0.4178454545454546,0.6167404724399145,-1.1274320904776771,1.7441725629175915,-0.10344833333333327,-0.3522337662337663,-0.10989581226678934,-0.893994682753854,0.784098870487065
2025-07-31,-0.27575,-0.33011666666666667,-0.7340007077867805,-0.815305069330301,0.0813043615435205,-0.14166499999999993,-0.3143861471861472,-0.24832284677287264,-0.7593380338192303,0.5110151870463577
2025-08-01,-0.4594625,0.0,-1.399437513108163,0.3592048525454326,-1.7586423656535954,-0.14397749999999992,-0.2451111471861472,-0.2566991010413938,-0.5128670644510025,0.2561679634096089
2025-08-02,0.0,0.0,0.2648110174217447,0.3592048525454326,-0.09439383512368793,-0.14397749999999992,-0.19156829004329007,-0.2566991010413939,-0.32236890634570425,0.06566980530431067
2025-08-03,0.0,-0.605,0.2648110174217447,-1.7933023501651812,2.058113367586926,-0.12129892857142852,-0.24018614718614723,-0.17455359585975755,-0.49534458846199464,0.3207909926022373
2025-08-04,0.0,-0.5749666666666666,0.2648110174217447,-1.6864478603777286,1.9512588777994733,-0.07594178571428564,-0.300245670995671,-0.010262585496485075,-0.7090281547287213,0.6987655692322364
2025-08-05,-0.19475,0.0369375,-0.4406054231380388,0.49062342246299184,-0.9312288456010307,-0.11897178571428564,-0.27014161255411256,-0.16612430276111914,-0.6019220346852902,0.4357977319241713
2025-08-06,-0.1104375,-0.18548,-0.13521172021276665,-0.30070760358475696,0.1654958833719903,-0.14862857142857136,-0.23694654761904768,-0.273546044568645,-0.4838185365577301,0.2102724919890854
2025-08-07,0.40585000000000004,0.0,1.7348662800722614,0.3592048525454326,1.3756614275268289,-0.051257142857142786,-0.18978702380952384,0.07914923941121813,-0.31603140486119674,0.39518064427241517
2025-08-08,-0.06674285714285715,-0.17535,0.02305744248719061,-0.2646664499261478,0.2877238924133384,0.004845663265306192,-0.21483702380952385,0.2823628044962686,-0.4051558766428511,0.6875186811391201
2025-08-09,0.0,0.0,0.2648110174217447,0.3592048525454326,-0.09439383512368793,0.004845663265306192,-0.21483702380952385,0.28236280449626866,-0.4051558766428511,0.6875186811391201
2025-08-10,0.0,-0.447,0.2648110174217447,-1.2311599732589384,1.495970990680683,0.004845663265306192,-0.19226559523809525,0.2823628044962686,-0.32484982279910213,0.607212627295371
2025-08-11,0.0,-0.3132,0.2648110174217447,-0.7551178844611198,1.0199289018828646,0.004845663265306192,-0.15487035714285716,0.2823628044962686,-0.19180268338244374,0.47416548787871265
2025-08-12,-0.5274666666666666,-0.22675,-1.645759758002819,-0.44754061557792557,-1.1982191424248934,-0.04268528911564618,-0.19254000000000002,0.11019789951558574,-0.3258261173882891,0.4360240169038751
2025-08-13,-0.13964,0.08224999999999999,-0.24098796465665404,0.6518390962197268,-0.8928270608763809,-0.0468570748299319,-0.15429285714285718,0.09508700745217326,-0.18974801741621997,0.2848350248683935
2025-08-14,0.5001000000000001,0.19740000000000002,2.076255237827125,1.0615270373637389,1.014728200463386,-0.03339278911564617,-0.12609285714285717,0.14385685856001088,-0.08941627672789047,0.23327313528790167
2025-08-15,0.226225,-0.1358,1.0842350701336163,-0.12395296254233826,1.2081880326759546,0.008459761904761989,-0.12044285714285717,0.2954536625095003,-0.06931434995877485,0.36476801246827545
2025-08-16,0.0,-0.8201,0.2648110174217447,-2.558598712649567,2.8234097300713117,0.008459761904761987,-0.23760000000000003,0.2954536625095003,-0.48614343070091764,0.7815970932104183
2025-08-17,0.4576,-0.41005,1.9223132674867354,-1.099696930052067,3.022010197538802,0.07383119047619056,-0.2323214285714286,0.5322396982330704,-0.4673629959570788,0.9996026941901495
2025-08-18,0.0,0.0,0.2648110174217447,0.3592048525454326,-0.09439383512368793,0.07383119047619056,-0.18757857142857146,0.5322396982330704,-0.3081740335275713,0.840413731760642
2025-08-19,-0.2642166666666667,0.0,-0.6922250828944084,0.3592048525454326,-1.051429935439841,0.1114383333333334,-0.15518571428571432,0.6684589375342719,-0.19292468093852014,0.8613836184727922
2025-08-20,0.0,0.0,0.2648110174217447,0.3592048525454326,-0.09439383512368793,0.13138690476190482,-0.16693571428571433,0.7407159349740431,-0.23472957289199073,0.9754455078660341
2025-08-21,0.0,-0.015600000000000003,0.2648110174217447,0.30370218748380357,-0.03889117006205889,0.05994404761904768,-0.19736428571428574,0.481938189201846,-0.34299026573198155,0.8249284549338279
2025-08-22,0.0,-0.47678000000000004,0.2648110174217447,-1.3371131377163303,1.601924155138075,0.027626190476190533,-0.24607571428571434,0.3648776102430072,-0.516298862185409,0.8811764724284163
2025-08-23,0.0011666666666666676,0.0,0.2690368754310887,0.3592048525454326,-0.09016797711434393,0.027792857142857202,-0.12891857142857147,0.36548130424434205,-0.0994697814432662,0.4649510856876084
2025-08-24,-0.1694,0.23785,-0.3487835655350066,1.2054426015780269,-1.5542261671130335,-0.06177857142857136,-0.03636142857142861,0.04103889952695034,0.2298358659324615,-0.18879696640551094
2025-08-25,-0.008216666666666669,0.4757,0.2350489031559361,2.051680350610621,-1.816631447454685,-0.06295238095238088,0.03159571428571425,0.03678716891754912,0.4716180799417741,-0.4348309110242248
2025-08-26,-0.2453090909090909,-0.46504999999999996,-0.6237387425066108,-1.295379403025759,0.6716406605191483,-0.06025129870129863,-0.03484000000000003,0.046570931830091644,0.23524890057446107,-0.18867796874436918
2025-08-27,-0.12101999999999999,-0.30926666666666663,-0.17354327082752352,-0.7411236227575466,0.5675803519300231,-0.07753987012987006,-0.07902095238095241,-0.016051109348375243,0.07805911838832115,-0.09411022773669618
2025-08-28,0.15940000000000001,0.15724166666666672,0.8421839602984045,0.9186491832334022,-0.07646522293499769,-0.05476844155844148,-0.054329285714285726,0.06643073963400473,0.16590868920969237,-0.09947794957568744
2025-08-29,-0.16005,0.62375,-0.314916332060121,2.578421989224351,-2.893338321284472,-0.0776327272727272,0.1028892857142857,-0.016387453149118936,0.7252708502012182,-0.741658303350337
2025-08-30,-0.6605,0.0,-2.1276283098683035,0.3592048525454326,-2.486833162413736,-0.17215653679653672,0.1028892857142857,-0.358768193906175,0.7252708502012183,-1.0840390441073928
2025-08-31,0.0,-0.22201666666666664,0.2648110174217447,-0.43070006335837135,0.695511080780116,-0.14795653679653673,0.037194047619047606,-0.27111182491235336,0.4915361837817328,-0.7626480086940859
2025-09-01,-0.38270000000000004,-0.44403333333333334,-1.12139114844336,-1.2206049792621756,0.09921383081881552,-0.2014541558441558,-0.09419642857142858,-0.4648889751408243,0.02406685094276189,-0.48895582608358584
2025-09-02,0.0,0.70365,0.2648110174217447,2.8626952545079507,-2.597884237086206,-0.16640999999999995,0.07276071428571426,-0.3379532951510592,0.6180775163047204,-0.9560308114557792
2025-09-03,0.153675,0.136625,0.8214470713525519,0.8452979047278089,-0.023850833375256952,-0.12716785714285708,0.13645952380952378,-0.1958118176967627,0.8447091630883427,-1.040520980785105
2025-09-04,-0.1613888888888889,-0.4304,-0.3197660072041777,-1.172099445052333,0.8523334378481553,-0.1729948412698412,0.05251071428571424,-0.36180467019713164,0.546030787618952,-0.9078354578160832
2025-09-05,0.0,0.07376666666666665,0.2648110174217447,0.6216565572065118,-0.35684553978476713,-0.15013055555555546,-0.026058333333333388,-0.2789864774140079,0.2664928687592606,-0.5454793461732682
2025-09-06,-0.13178333333333334,0.036883333333333324,-0.2125298294337288,0.49043070487597223,-0.7029605343097011,-0.07459960317460311,-0.02078928571428577,-0.005400980209068647,0.2852394190921948,-0.29064039930126323
2025-09-07,-0.26356666666666667,0.0,-0.6898706762892024,0.3592048525454326,-1.049075528834635,-0.11225198412698408,0.010927380952380892,-0.1417840793106325,0.39808297850702395,-0.5398670578176562
2025-09-08,-0.09541428571428572,-0.9578,-0.08079517414244337,-3.0485164677127923,2.967721293570349,-0.07121116780045346,-0.0624678571428572,0.006872488446641303,0.13695276587122152,-0.13008027742457998
2025-09-09,0.07755833333333333,-0.35095,0.5457400209429215,-0.8894272181839722,1.4351672391268937,-0.06013140589569155,-0.21312500000000004,0.047005203235380856,-0.39906473022762456,0.44606993346300566
2025-09-10,0.38698,0.0,1.6665160452411283,0.3592048525454326,1.3073111926956957,-0.026802120181405837,-0.23264285714285718,0.16772934236232034,-0.4685065948251069,0.6362359371874275
2025-09-11,0.1360625,0.00868333333333332,0.7576517077614907,0.3900989641876428,0.36755274357384793,0.01569093537414972,-0.16991666666666672,0.3216461587859873,-0.24533539350511036,0.5669815522910978
2025-09-12,-0.50746,-0.17315,-1.5732923300825825,-0.2568391510072001,-1.3164531790753824,-0.056803350340136,-0.20519047619047623,0.05905996628536912,-0.3708347803927835,0.42989474667815275
2025-09-13,-0.0905375,-0.8749,-0.06313065645338445,-2.7535696129942635,2.690438956540879,-0.050911088435374084,-0.33544523809523813,0.08040270528256117,-0.8342633972313885,0.91466610251395
2025-09-14,0.0,-0.24915,0.2648110174217447,-0.5272367500253929,0.7920477674471376,-0.013258707482993144,-0.3710380952380953,0.21678580438412504,-0.9608979118843637,1.1776837162684888
2025-09-15,0.0,-0.14404,0.2648110174217447,-0.1532697548569423,0.418080772278687,0.00037190476190481533,-0.2547866666666667,0.2661581174647233,-0.5472912386192422,0.8134493560839656
2025-09-16,0.08166,0.0,0.5605969303157725,0.3592048525454326,0.2013920777703399,0.0009578571428571968,-0.20465095238095246,0.26828053308941635,-0.36891522851504155,0.637195761604458
2025-09-17,0.0,-0.1872,0.2648110174217447,-0.306827128194116,0.5716381456158607,-0.05432499999999994,-0.23139380952380958,0.06803695768664723,-0.46406265433497706,0.5320996120216245
2025-09-18,-0.3082,0.06167500000000001,-0.8515399298466776,0.5786360620118411,-1.4301759918585186,-0.11779107142857136,-0.22382357142857148,-0.16184756197166253,-0.4371287832172345,0.2752812212455721
2025-09-19,-0.3021333333333333,0.0,-0.8295654681980887,0.3592048525454326,-1.1887703207435214,-0.0884586904761904,-0.1990878571428572,-0.05560086741673485,-0.34912249699542974,0.2935216295786951
2025-09-20,-0.1363288888888889,0.0,-0.2289945771634682,0.3592048525454326,-0.5881994297089008,-0.09500031746031737,-0.07410214285714292,-0.0792957132324611,0.0955595695102411,-0.17485528274270198
2025-09-21,0.029475555555555533,0.0,0.3715763138711523,0.3592048525454326,0.012371461325719701,-0.09078952380952374,-0.03850928571428579,-0.06404352802540288,0.22219408416321615,-0.2862376121886188
2025-09-22,0.19527999999999998,-0.4734,0.972147204905773,-1.3250875602863106,2.2972347651920835,-0.06289238095238088,-0.08556071428571434,0.037004498758029754,0.05479154053044926,-0.01778704177241933
2025-09-23,0.0,-0.3156333333333333,0.2648110174217447,-0.7637753514472286,1.0285863688689734,-0.07455809523809517,-0.13065119047619053,-0.005250631655402793,-0.10563420289707377,0.10038357124167116
2025-09-24,0.09542,-0.08131000000000001,0.6104379070659784,0.06991500022741604,0.5405229068385624,-0.06092666666666661,-0.11552404761904767,0.04412463829377346,-0.0518138988368549,0.09593853713062854
2025-09-25,0.19083999999999998,0.2558285714285714,0.9560647967102123,1.2694078982630637,-0.3133431015528514,0.010364761904761972,-0.08778782312925175,0.3023538849447577,0.046867792056176895,0.255486092888581
2025-09-26,0.0,0.225775,0.2648110174217447,1.162481404102439,-0.8976703866806943,0.05352666666666673,-0.055534251700680326,0.4586933828904482,0.16162158513574923,0.2970717977546991
2025-09-27,0.0,0.1128875,0.2648110174217447,0.7608431283239359,-0.4960321109021912,0.07300222222222229,-0.039407465986394614,0.5292370392597644,0.21899848167553543,0.3102385575842291
2025-09-28,0.14665,0.0,0.7960013691962876,0.3592048525454326,0.436796516650855,0.08974142857142864,-0.039407465986394614,0.589869190020498,0.21899848167553543,0.3708707083449627
2025-09-29,0.2933,0.0,1.3271917209708306,0.3592048525454326,0.967986868425398,0.10374428571428577,0.028221105442176816,0.640589835172649,0.45961168350864157,0.18097815166400766
2025-09-30,0.3169666666666667,0.12174285714285714,1.4129162691603807,0.7923492771381092,0.6205669920222715,0.14902523809523816,0.09070341836734688,0.8046048711353112,0.6819152018779756,0.12268966925733597
2025-10-01,0.0,-0.1172,0.2648110174217447,-0.057776708045780514,0.3225877254675252,0.1353938095238096,0.08557627551020404,0.7552296011861351,0.6636735292675189,0.09155607191861637
2025-10-02,0.018599999999999988,0.0,0.33218326797071496,0.3592048525454326,-0.02702158457471765,0.11078809523809531,0.049029336734693826,0.6661036685090639,0.5336445227364288,0.13245914577263548
2025-10-03,-0.0008999999999999841,0.0,0.2615510698145365,0.3592048525454326,-0.09765378273089609,0.11065952380952389,0.016775765306122396,0.6656379617080344,0.4188907296568564,0.2467472320511781
2025-10-04,0.15603333333333333,0.0,0.8299893414714402,0.3592048525454326,0.4707844889260076,0.13295000000000007,0.0006489795918366828,0.7463777222865622,0.36151383311707025,0.38486388916949227
2025-10-05,0.31296666666666667,-0.029312500000000005,1.398427613128344,0.2549149891083171,1.1435126240200268,0.15670952380952388,-0.003538520408163318,0.832438614276856,0.34661528119748236,0.48582333307937386
2025-10-06,-0.07787272727272727,-0.05862500000000001,-0.017256772511041175,0.1506251256712016,-0.16788189818224278,0.10368484848484856,-0.01191352040816332,0.6403745437794457,0.3168181773583065,0.3235563664211395
2025-10-07,-0.06859166666666668,0.17846666666666666,0.01636075117238318,0.9941648284855222,-0.977804077313139,0.04860508658008665,-0.0038101190476191,0.44086661263830323,0.3456489704079369,0.09521764223036654
2025-10-08,-0.2824285714285714,-0.32106666666666667,-0.7581915888402703,-0.7831064078682661,0.02491481902799586,0.008258147804576439,-0.03293392857142863,0.294723383172301,0.2420304418618676,0.05269294131043379
2025-10-09,-0.5480666666666667,0.0,-1.7203763365678078,0.3592048525454326,-2.0795811891132403,-0.07269423314780452,-0.03293392857142863,0.001500582523940665,0.24203044186186756,-0.2405298593379266
2025-10-10,-0.1663125,0.0,-0.33760013416027834,0.3592048525454326,-0.6968049867057109,-0.09632459029066165,-0.03293392857142863,-0.08409244661531859,0.24203044186186753,-0.32612288847718585
2025-10-11,-0.8166,-0.47575,-2.693048111518533,-1.3334485386770047,-1.3595995728415284,-0.2352722093382807,-0.10089821428571434,-0.5873835113281719,0.000222814544376496,-0.5876063258725482
2025-10-12,-0.4206437499999999,-0.237875,-1.2588296340222571,-0.48712184306578604,-0.7717077909564711,-0.3400736974335188,-0.1306928571428572,-0.9669916894925434,-0.1057824471947811,-0.8612092422977621
2025-10-13,-0.024687499999999998,0.0,0.1753888434740186,0.3592048525454326,-0.18381600907141402,-0.3324758078231292,-0.12231785714285721,-0.9394708872089635,-0.07598534335560522,-0.863485543853358
2025-10-14,-0.061875,-0.84015,0.04068961942617806,-2.6299338687063396,2.6706234881325175,-0.33151628401360533,-0.2678345238095239,-0.9359953346012785,-0.5937137286687283,-0.34228160593254986
2025-10-15,0.006133333333333342,0.8179,0.28702695667086753,3.269181118821484,-2.9821541621506165,-0.2902931547619047,-0.10512500000000005,-0.7866783995282588,-0.014815510570192623,-0.771862888958066
2025-10-16,0.0,-0.7366400000000001,0.2648110174217447,-2.2616594545698514,2.5264704719915962,-0.21199791666666656,-0.21035928571428578,-0.50308020610118,-0.38922469730094755,-0.11385550880023221
2025-10-17,-0.25952857142857144,-0.5080666666666667,-0.6752440330568606,-1.4484268159788196,0.773182782921959,-0.22531449829931965,-0.28294023809523816,-0.5513150488006916,-0.6474577928044122,0.09614274400372062
2025-10-18,-0.20796666666666666,0.0,-0.48847835744389306,0.3592048525454326,-0.8476832099893257,-0.1383668792517006,-0.21497595238095243,-0.2363765125043145,-0.40565016548692107,0.16927365298260674
2025-10-19,-0.439,-0.2313333333333333,-1.3253189820942755,-0.46384748832573314,-0.8614714937685424,-0.14098920068027204,-0.21404142857142866,-0.2458749908003171,-0.4023252576669135,0.15645026686659655
2025-10-20,-0.1957,-0.33781999999999995,-0.4440464789456475,-0.8427124750904343,0.3986659961447868,-0.1654195578231292,-0.26230142857142863,-0.33436575114598366,-0.574027733043466,0.2396619818974824
2025-10-21,0.0,-0.1552,0.2648110174217447,-0.19297550755487694,0.45778652497662164,-0.15658027210884348,-0.16445142857142864,-0.3023484085751885,-0.22589082430754273,-0.0764575842676456
2025-10-22,-0.4132,-0.2208,-1.2318671506876393,-0.42637132986531706,-0.8054958208223222,-0.21648503401360536,-0.3128371428571429,-0.5193332810549752,-0.753826888405657,0.2344936073506822
2025-10-23,-0.1105125,-0.2864,-0.13548338251336733,-0.6597671521757571,0.5242837696623898,-0.23227253401360537,-0.2485171428571429,-0.5765181953314198,-0.5249851309207865,-0.051533064410633087
2025-10-24,-0.03693333333333334,0.01966000000000001,0.13103242672593976,0.42915244197566516,-0.2981200152497254,-0.2004732142857142,-0.1731276190476191,-0.4613358439338768,-0.25675952264157437,-0.20457632129230227
2025-10-25,0.0,0.013106666666666673,0.2648110174217447,0.4058365788322543,-0.14102556141050965,-0.17076369047619042,-0.17125523809523815,-0.3537230760959286,-0.2500978474577427,-0.1036252286381857
2025-10-26,-0.42562500000000003,0.006553333333333336,-1.276872538487153,0.3825207156888435,-1.6593932541759966,-0.16885297619047615,-0.13727142857142863,-0.3468021555806254,-0.12918810402708888,-0.2176140515535363
2025-10-27,0.0,0.0,0.2648110174217447,0.3592048525454326,-0.09439383512368793,-0.14089583333333328,-0.08901142857142863,-0.24553679895671224,0.04251437134946352,-0.28805117030617555
2025-10-28,-0.11305714285714286,0.08489999999999999,-0.1447004962837478,0.6612674335539137,-0.8059679298376615,-0.15704685374149654,-0.05471142857142863,-0.3040384437717826,0.1645490772221479,-0.46858752099393036
2025-10-29,-0.4931666666666667,-0.06496666666666666,-1.521519532528105,0.12806234356014415,-1.6495818760882492,-0.16847066326530608,-0.032449523809523866,-0.3454173554632777,0.2437538877114995,-0.5891712431747769
2025-10-30,0.07980000000000001,-0.41148181818181817,0.5538597052608756,-1.1047911431914648,1.6586508484523403,-0.14128316326530607,-0.05031835497835503,-0.24693977149552865,0.18017903185211273,-0.42711880334764124
2025-10-31,0.0,0.0,0.2648110174217447,0.3592048525454326,-0.09439383512368793,-0.13600697278911558,-0.05312692640692646,-0.22782854425327084,0.1701865190763652,-0.3980150633296358
2025-11-01,-0.5205,-0.217775,-1.6205253487470217,-0.41560879385176397,-1.2049165548952576,-0.21036411564625843,-0.0861100216450217,-0.49716231084880885,0.05283718012150544,-0.5499994909703141
2025-11-02,0.0,-0.43555,0.2648110174217447,-1.1904224402489605,1.455233457670705,-0.14956054421768702,-0.14926764069264076,-0.2769218028618235,-0.17186898501246656,-0.10505281784935676
2025-11-03,0.184425,-0.41425,0.9328286145988335,-1.1146399552609672,2.0474685698598005,-0.12321411564625843,-0.2084462121212122,-0.18149071755081084,-0.38241824327052365,0.20092752571971303
2025-11-04,-0.4777,-0.37801999999999997,-1.46549672920423,-0.9857385735184785,-0.47975815568575153,-0.1753059523809523,-0.27457764069264073,-0.3701758936823083,-0.6177048157094368,0.24752892202712876
2025-11-05,0.0,-0.231,0.2648110174217447,-0.46266153394407455,0.7274725513658192,-0.10485357142857137,-0.2982966883116883,-0.11498581511804404,-0.7020939410671823,0.5871081259491386
2025-11-06,0.2723,-0.18643333333333334,1.251126276802638,-0.30409943311630094,1.555225709918939,-0.07735357142857135,-0.26614690476190483,-0.015376304897792245,-0.5877094110564446,0.5723331061586526
2025-11-07,0.059719999999999995,-0.9471,0.4811266519800515,-3.010447332061547,3.4915739840415982,-0.06882214285714279,-0.40144690476190487,0.015525928610537301,-1.0690882945717275,1.084614223182265
2025-11-08,0.0,-0.47355,0.2648110174217447,-1.3256212397580571,1.5904322571798017,0.00553500000000006,-0.43798619047619053,0.28485969520607535,-1.1990900725583409,1.4839497677644162
2025-11-09,0.0,0.0,0.2648110174217447,0.3592048525454326,-0.09439383512368793,0.00553500000000006,-0.375764761904762,0.28485969520607535,-0.9777147450162846,1.2625744402223602
2025-11-10,-0.2959333333333333,0.0,-0.807108051348432,0.3592048525454326,-1.1663129038938647,-0.06308761904761899,-0.3165861904761905,0.03629731435646599,-0.7671654867582276,0.8034628011146937
2025-11-11,-0.3166,0.0,-0.8819661075139547,0.3592048525454326,-1.2411709600593872,-0.04007333333333327,-0.26258333333333345,0.11965883174079105,-0.5750307116062403,0.6946895433470315
2025-11-12,0.0,0.12118333333333332,0.2648110174217447,0.7903585679974676,-0.525547550575723,-0.04007333333333327,-0.21227142857142864,0.11965883174079105,-0.39602783990030554,0.5156866716410969
2025-11-13,0.2048,-0.18858,1.0066302062620203,-0.3117369793341832,1.3183671855962036,-0.04971619047619042,-0.2125780952380953,0.08473082166355993,-0.3971189179314316,0.4818497395949918
2025-11-14,0.0,-0.050199999999999995,0.2648110174217447,0.18060012266762632,0.08421089475411836,-0.05824761904761898,-0.08444952380952388,0.05382858815523038,0.05874500417273599,-0.004916416017505333
2025-11-15,-0.1146,-0.8756,-0.15028897789610476,-2.756060117195747,2.6057711392996423,-0.07461904761904756,-0.14188523809523818,-0.00547141117589097,-0.14560340688979115,0.14013199571390045
2025-11-16,0.0,-0.43566249999999995,0.2648110174217447,-1.1908226998527702,1.4556337172745148,-0.07461904761904756,-0.20412273809523818,-0.005471411175890966,-0.36703591437524874,0.361564503199358
2025-11-17,0.0631,0.004275000000000001,0.49336956632712253,0.374414717490206,0.11895484883691654,-0.023328571428571362,-0.20351202380952388,0.18031110563490252,-0.36486307652599537,0.5451741821608982
2025-11-18,0.0,-0.45025000000000004,0.2648110174217447,-1.2427230284801112,1.5075340459018558,0.021900000000000065,-0.2678334523809524,0.3441364091971453,-0.5937099166725016,0.9378463258696471
2025-11-19,0.0,0.14765,0.2648110174217447,0.8845233459011717,-0.619712328479427,0.021900000000000065,-0.2640525000000001,0.3441364091971453,-0.5802578055434011,0.9243942147405466
2025-11-20,-0.4961666666666667,0.82065,-1.5323860245521326,3.2789652424701687,-4.811351267022301,-0.07823809523809519,-0.1198767857142858,-0.018580195204876526,-0.06730034528563651,0.0487201500807602
2025-11-21,-0.24808333333333338,-0.7003,-0.6337875035651941,-2.1323667078814155,1.4985792043162214,-0.11367857142857138,-0.21274821428571436,-0.14695141248872493,-0.39772417822121386,0.25077276573248924
2025-11-22,0.0,-0.35015,0.2648110174217447,-0.8865809276679913,1.151391945089736,-0.0973071428571428,-0.13768392857142864,-0.08765141315760358,-0.13065572257439168,0.043004309416788296
2025-11-23,0.0,0.0,0.2648110174217447,0.3592048525454326,-0.09439383512368793,-0.0973071428571428,-0.07544642857142862,-0.08765141315760357,0.09077678491106589,-0.17842819806866925
2025-11-24,0.0,-0.4666,0.2648110174217447,-1.3008940909004723,1.5657051083222169,-0.10632142857142853,-0.1427142857142858,-0.12030263442980041,-0.148553044859031,0.028250410429230804
2025-11-25,-0.3625,-0.1839666666666667,-1.048223435481575,-0.29532337069202635,-0.7529000647895485,-0.1581071428571428,-0.10467380952380959,-0.30787898484456033,-0.013210236603590306,-0.29466874824096984
2025-11-26,0.2824666666666667,0.0,1.2879516108840647,0.3592048525454326,0.9287467583386322,-0.11775476190476185,-0.12576666666666675,-0.1617160429213718,-0.08825573565441018,-0.07346030726696136
2025-11-27,0.0,0.0008333333333333526,0.2648110174217447,0.36216973849957956,-0.09735872107783489,-0.046873809523809463,-0.2428833333333334,0.09502639164632498,-0.5049408076502087,0.599967199296534
2025-11-28,0.0516,0.0,0.4517146802350172,0.3592048525454326,0.0925098276895846,-0.004061904761904692,-0.14284047619047624,0.25009813218921234,-0.1490020133035161,0.39910014549272865
2025-11-29,0.0,-0.06784444444444444,0.2648110174217447,0.11782360406515699,0.1469874133565877,-0.004061904761904692,-0.10251111111111118,0.25009813218921234,-0.005515651627352034,0.2556137838165646
2025-11-30,0.0,-0.1356888888888889,0.2648110174217447,-0.12355764441511866,0.38836866183686336,-0.004061904761904692,-0.12189523809523814,0.2500981321892123,-0.0744817226217165,0.32457985481092905
2025-12-01,0.45235,-0.20353333333333334,1.903296906444687,-0.36493889289539433,2.2682357993400815,0.060559523809523876,-0.08431428571428576,0.4841675449067755,0.05922616280758034,0.4249413820991954
2025-12-02,-0.40503333333333336,-0.01966,-1.2022861446222313,0.2892572631152001,-1.4915434077374314,0.05448333333333339,-0.060841904761904805,0.46215858645811025,0.14273768192289843,0.3194209045352121
2025-12-03,0.0,0.23265,0.2648110174217447,1.1869417132241507,-0.922130695802406,0.014130952380952435,-0.027606190476190527,0.31599564453492174,0.26098580487700096,0.05500983965792096
2025-12-04,0.5101666666666667,0.0,2.11271835550775,0.3592048525454326,1.7535135029623174,0.0870119047619048,-0.027725238095238143,0.5799824071186368,0.2605622497406943,0.3194201573779427
2025-12-05,0.0,0.0,0.2648110174217447,0.3592048525454326,-0.09439383512368793,0.07964047619047623,-0.027725238095238143,0.5532818838595979,0.26056224974069425,0.2927196341189037
2025-12-06,0.212325,0.0,1.0338869904222892,0.3592048525454326,0.6746821378768566,0.1099726190476191,-0.018033174603174655,0.6631498800025327,0.2950452852378765,0.36810459476465646
2025-12-07,0.42464999999999997,0.9061,1.8029629634228332,3.5829846482083867,-1.7800216847855534,0.1706369047619048,0.13079380952380948,0.8828858722884024,0.8245513270412343,0.05833454524716838
2025-12-08,0.0,-0.4412285714285714,0.2648110174217447,-1.2106260202507897,1.4754370376725343,0.10601547619047623,0.09683734693877546,0.6488164595708393,0.7037388802761779,-0.05492242070533836
2025-12-09,-0.31512857142857137,-0.28265,-0.8766363519021695,-0.6464251653820964,-0.2302111865200731,0.11885901360544222,0.059267346938775466,0.6953378585308483,0.5700699619194213,0.12526789661142712
2025-12-10,0.19855,0.0,0.9839916812119629,0.3592048525454326,0.6247868286665303,0.14722329931972794,0.026031632653061184,0.7980779533580222,0.4518218389653187,0.34625611439270376
2025-12-11,-0.3047,-0.256,-0.8388623558186458,-0.5516081125684801,-0.2872542432501657,0.030813775510204127,-0.010539795918367388,0.37642356602567995,0.32170570109190255,0.05471786493377758
2025-12-12,0.0,-0.15680000000000002,0.2648110174217447,-0.19866808858683896,0.46347910600858366,0.030813775510204127,-0.03293979591836739,0.3764235660256799,0.24200956664443524,0.13441399938124496
2025-12-13,-0.451,-0.026575000000000043,-1.3687849501903855,0.26465463946768936,-1.633439589658075,-0.06394693877551016,-0.036736224489795966,0.03318471736672641,0.22850239334761474,-0.19531767598088812
2025-12-14,0.5212,0.10364999999999994,2.152682898396118,0.7279773675222178,1.4247055308739003,-0.050154081632653,-0.15137193877551022,0.08314470807719565,-0.17935578960755225,0.26250049768474815
2025-12-15,-0.18848,0.233875,-0.4178944548078214,1.1913000955767463,-1.6091945503845677,-0.07707979591836729,-0.05492857142857149,-0.014384645098456645,0.16377651265352436,-0.17816115775198074
2025-12-16,0.0,-0.32339999999999997,0.2648110174217447,-0.7914080885398772,1.056219105961622,-0.032061428571428525,-0.06075000000000006,0.14867926480495966,0.14306466648812707,0.005614598316832848
2025-12-17,-0.058511111111111104,0.2037,0.052874176686453334,1.083941575177089,-1.0310673984906356,-0.0687844444444444,-0.03165000000000006,0.01566247844417259,0.2465984840069351,-0.23093600556276228
2025-12-18,-0.20889305555555554,-0.005199999999999996,-0.49183388993464605,0.3407039641915563,-0.8325378541262023,-0.05509773809523804,0.004178571428571371,0.06523797357045825,0.3740716378297974,-0.30883366425933895
2025-12-19,-0.359275,-0.015700000000000002,-1.0365419565557454,0.30334640116930595,-1.3398883577250513,-0.10642273809523804,0.02433571428571423,-0.12066959414061174,0.4457879935092467,-0.5664575876498582
2025-12-20,0.0,-0.007850000000000001,0.2648110174217447,0.3312756268573693,-0.0664646094356246,-0.04199416666666661,0.02701071428571424,0.11270125837540686,0.4553052774220581,-0.34260401904665105
2025-12-21,0.0,0.0,0.2648110174217447,0.3592048525454326,-0.09439383512368793,-0.11645130952380946,0.012203571428571392,-0.15699472462093217,0.40262348956823174,-0.5596182141891636
2025-12-22,0.0,-0.08735714285714287,0.2648110174217447,0.04840009352358124,0.21641092389816344,-0.0895255952380952,-0.03368673469387758,-0.05946537144527988,0.23935206070349385,-0.29881743214877343
2025-12-23,0.0699875,0.2641,0.5183172209322856,1.2988365091336527,-0.7805192882013671,-0.0795273809523809,0.05024183673469384,-0.023250199515202605,0.5379584317997124,-0.5612086313149148
2025-12-24,0.0,0.0,0.2648110174217447,0.3592048525454326,-0.09439383512368793,-0.07116865079365074,0.021141836734693838,0.007026492018410443,0.43442461428090434,-0.4273981222624937
2025-12-25,0.0,0.0,0.2648110174217447,0.3592048525454326,-0.09439383512368793,-0.04132678571428567,0.02188469387755098,0.11511862164075197,0.4370675983314581,-0.3219489766907059
2025-12-26,-0.24925000000000003,0.0,-0.638013361574538,0.3592048525454326,-0.9972182141199706,-0.02560892857142853,0.024127551020408124,0.17205127806663875,0.4450473770994762,-0.2729960990328372
2025-12-27,0.0,0.05560000000000002,0.2648110174217447,0.5570220434061106,-0.29221102598436594,-0.02560892857142853,0.03319183673469384,0.17205127806663875,0.47729686517786785,-0.30524558711122884
2025-12-28,0.5201,-0.12736666666666666,2.1486985179873077,-0.09394831668637206,2.2426468346736796,0.04869107142857147,0.014996598639455747,0.4411780638617192,0.4125606981447529,0.02861736571696654
2025-12-29,0.5463333333333332,-0.037025,2.2437199537974144,0.227474969602688,2.0162449841947265,0.1267386904761905,0.022186904761904724,0.7238793404868148,0.43814282329891097,0.2857365171879041
2025-12-30,0.18546363636363636,0.0007428571428571483,0.9365907258526067,0.3618478365959864,0.5747428892566203,0.14323528138528144,-0.015435544217687112,0.783632698332575,0.30428729865067294,0.4793453996819023
2025-12-31,0.3078,-0.0451375,1.3797130990869635,0.19861180483906843,1.1811012942478951,0.18720670995671002,-0.021883758503401397,0.9429044242847491,0.2813454346926209,0.6615589895921284
